-- phpMyAdmin SQL Dump
-- version 4.6.6deb5
-- https://www.phpmyadmin.net/
--
-- Servidor: localhost:3306
-- Tiempo de generación: 24-12-2019 a las 14:25:54
-- Versión del servidor: 5.7.28-0ubuntu0.18.04.4
-- Versión de PHP: 7.2.24-0ubuntu0.18.04.1

SET SQL_MODE = "NO_AUTO_VALUE_ON_ZERO";
SET time_zone = "+00:00";


/*!40101 SET @OLD_CHARACTER_SET_CLIENT=@@CHARACTER_SET_CLIENT */;
/*!40101 SET @OLD_CHARACTER_SET_RESULTS=@@CHARACTER_SET_RESULTS */;
/*!40101 SET @OLD_COLLATION_CONNECTION=@@COLLATION_CONNECTION */;
/*!40101 SET NAMES utf8mb4 */;

--
-- Base de datos: `bd_escolar`
--

-- --------------------------------------------------------

--
-- Estructura de tabla para la tabla `alumnosgrupo`
--

CREATE TABLE `alumnosgrupo` (
  `id_usuario` int(9) NOT NULL DEFAULT '0',
  `id_grupo` int(11) NOT NULL
) ENGINE=InnoDB DEFAULT CHARSET=utf8;

--
-- Volcado de datos para la tabla `alumnosgrupo`
--

INSERT INTO `alumnosgrupo` (`id_usuario`, `id_grupo`) VALUES
(17, 2),
(27, 1),
(28, 2),
(29, 2),
(30, 1),
(37, 1),
(57, 1),
(58, 1),
(59, 1),
(60, 1);

-- --------------------------------------------------------

--
-- Estructura de tabla para la tabla `asistencia`
--

CREATE TABLE `asistencia` (
  `id` int(11) NOT NULL,
  `id_usuario` int(10) NOT NULL,
  `fecha` date NOT NULL,
  `hora` time NOT NULL,
  `estatus` varchar(25) COLLATE utf8_spanish_ci NOT NULL
) ENGINE=InnoDB DEFAULT CHARSET=utf8 COLLATE=utf8_spanish_ci;

--
-- Volcado de datos para la tabla `asistencia`
--

INSERT INTO `asistencia` (`id`, `id_usuario`, `fecha`, `hora`, `estatus`) VALUES
(3, 17, '2019-09-10', '06:55:41', '*'),
(4, 28, '2019-09-10', '06:55:41', '/'),
(5, 29, '2019-09-10', '06:55:41', '*'),
(20, 17, '2019-09-11', '10:41:56', 'J'),
(21, 28, '2019-09-11', '10:41:56', '*'),
(22, 29, '2019-09-11', '10:41:56', '*'),
(23, 30, '2019-09-11', '10:59:24', '*');

-- --------------------------------------------------------

--
-- Estructura de tabla para la tabla `cargaprofesores`
--

CREATE TABLE `cargaprofesores` (
  `id` int(11) NOT NULL,
  `id_usuarios` int(11) NOT NULL,
  `id_grupo` int(11) NOT NULL,
  `id_materias` int(11) NOT NULL
) ENGINE=InnoDB DEFAULT CHARSET=latin1;

--
-- Volcado de datos para la tabla `cargaprofesores`
--

INSERT INTO `cargaprofesores` (`id`, `id_usuarios`, `id_grupo`, `id_materias`) VALUES
(1, 1, 1, 7),
(2, 1, 2, 7),
(3, 1, 2, 3),
(4, 1, 1, 5),
(5, 56, 1, 6),
(6, 1, 2, 2);

-- --------------------------------------------------------

--
-- Estructura de tabla para la tabla `examen`
--

CREATE TABLE `examen` (
  `id` int(11) NOT NULL,
  `materia` varchar(100) COLLATE utf8_spanish_ci NOT NULL,
  `unidad` varchar(500) COLLATE utf8_spanish_ci NOT NULL,
  `tema` varchar(500) COLLATE utf8_spanish_ci NOT NULL,
  `status` int(11) NOT NULL
) ENGINE=InnoDB DEFAULT CHARSET=utf8 COLLATE=utf8_spanish_ci;

--
-- Volcado de datos para la tabla `examen`
--

INSERT INTO `examen` (`id`, `materia`, `unidad`, `tema`, `status`) VALUES
(1, 'Estructura de Datos', '1', 'Conceptos básicos', 0),
(2, 'Informática', '1', 'Conceptos básicos', 0),
(3, 'Formación Sociocultural I ', '1', 'Globalización', 0),
(4, 'Estructura de Datos', '2', 'Vectores,Matrices,Burbuja y Quick Sort', 0),
(5, 'Ingeniería del Software II', '1', 'Interfaz de Usuario,Usabilidad', 0),
(6, 'Formación SocioCultural II', '1', 'Equipos y Grupos', 0),
(7, 'Sistemas operativos', '1', 'Antecedentes de los sistemas operativos', 0),
(8, 'Desarrollo de Aplicaciones III', '1', 'Aplicaciones RIA Rich Internet Aplication', 1);

-- --------------------------------------------------------

--
-- Estructura de tabla para la tabla `ex_datos`
--

CREATE TABLE `ex_datos` (
  `id` int(11) NOT NULL,
  `id_examen` int(11) NOT NULL,
  `visible` tinyint(4) NOT NULL,
  `tiempo` tinyint(4) NOT NULL
) ENGINE=InnoDB DEFAULT CHARSET=utf8 COLLATE=utf8_spanish_ci;

--
-- Volcado de datos para la tabla `ex_datos`
--

INSERT INTO `ex_datos` (`id`, `id_examen`, `visible`, `tiempo`) VALUES
(1, 1, 0, 127),
(3, 2, 0, 0),
(4, 3, 0, 127),
(5, 4, 0, 127),
(7, 5, 0, 127),
(9, 6, 0, 127),
(10, 7, 0, 127),
(11, 8, 1, 127);

-- --------------------------------------------------------

--
-- Estructura de tabla para la tabla `ex_intentos`
--

CREATE TABLE `ex_intentos` (
  `id` int(11) NOT NULL,
  `mat` int(11) NOT NULL,
  `id_examen` int(11) NOT NULL
) ENGINE=InnoDB DEFAULT CHARSET=utf8 COLLATE=utf8_spanish_ci;

-- --------------------------------------------------------

--
-- Estructura de tabla para la tabla `ex_preguntas`
--

CREATE TABLE `ex_preguntas` (
  `id` int(11) NOT NULL,
  `id_examen` int(11) NOT NULL,
  `pregunta` varchar(500) COLLATE utf8_spanish_ci NOT NULL,
  `id_respuesta` int(11) NOT NULL
) ENGINE=InnoDB DEFAULT CHARSET=utf8 COLLATE=utf8_spanish_ci;

--
-- Volcado de datos para la tabla `ex_preguntas`
--

INSERT INTO `ex_preguntas` (`id`, `id_examen`, `pregunta`, `id_respuesta`) VALUES
(3, 1, '¿Cual es la jerarquía de los lenguajes existentes?', 29),
(4, 1, 'Indica los tipos fundamentales de instrucciones que una computadora es capaz de manipular y ejecutar', 30),
(5, 1, '¿Cual es la ventaja de programar en lenguaje máquina?', 36),
(6, 1, 'Menciona el lenguaje de programación que utiliza ----mnemonics--', 41),
(7, 1, 'Es lo mismo decir --assembler-- que --assembly language--', 44),
(8, 1, 'Su escritura se basa en reglas sintácticas similares a los lenguajes humanos como READ,WRITE, OPEN, etc.', 47),
(9, 1, 'Cuando hablamos que el tiempo de ejecución de un programa es mucho mayor nos referimos a:', 51),
(10, 1, 'Uno de los inconvenientes es el no aprovechar los recursos internos de la máquina...', 55),
(11, 1, 'Cite el que considere un intérprete', 58),
(12, 1, 'Cite el que considere un compilador', 66),
(13, 1, 'Diferencia entre compilador e intérprete', 68),
(14, 1, 'Tipo de dato primitivo de los enteros', 72),
(15, 1, 'Es un ejemplo de un TAD ....', 78),
(16, 1, 'Se pueden implementar sólo a partir de la especificación, sin saber para qué se van a usar.', 82),
(17, 1, 'Con estos tipos, permite la legibilidad, diseño modular, organización del trabajo y también facilita el mantenimiento.', 91),
(18, 1, 'Es el único tipo de dato que al transformarse en vector da vida a un tipo de dato básico.', 96),
(19, 1, 'Es una repetición que ocupa una instrucción la cual lleva un principio y un final, es secuencial', 97),
(20, 1, 'Es una repetición que ocupa una condición de salida y esta compuesta por una instrucción.', 102),
(21, 1, 'Es una repetición que ocupa una condición de salida y esta compuesta por una función.', 106),
(22, 1, 'Llamada seria \r\n\r\nX(-12,5)\r\n\r\nFunción X(ini,fin)\r\n     si (ini>=-10) y  (ini<>fin) entonces\r\n         imprime (ini)\r\n         X(fin-1,ini)\r\n     fin si\r\nfin de función\r\n\r\n¿Cuales son los posibles valores?', 110),
(23, 0, '0', 115),
(24, 2, 'Si alteramos una carpeta que sea considerado como  sistema ¿que ocasiona?', 116),
(25, 2, 'Clasificación de los archivos', 119),
(26, 2, 'Es una extensión de archivos de aplicaciones', 122),
(27, 2, 'Representa una característica de Especial de un archivo', 115),
(28, 2, 'Son 2 características comunes de los archivos y directorios', 132),
(29, 2, 'Que indica la letra R en las características  de los archivos y carpetas', 135),
(30, 2, 'Cuando vemos algo como lo siguiente [windows] decimos que ...', 139),
(31, 2, 'Las siglas CMD significa :', 144),
(32, 2, 'El Comando DIR *.*', 149),
(33, 2, 'Cuando escribimos el comando DIR C: /A:R', 153),
(34, 2, 'Significa Crear directorio', 155),
(35, 2, 'Significa Cambiar de Carpeta', 159),
(36, 0, '0', 167),
(37, 2, 'Hardware  es ...', 168),
(38, 2, 'Software es...', 173),
(39, 2, 'Las aplicaciones de windows se guardan en ....', 178),
(40, 2, 'Los documentos se guardan de forma común  en la carpeta', 182),
(41, 2, 'El siguiente comando C:>COPY CON texto.doc realiza ....', 186),
(42, 2, 'Si en mi listado de archivos al final muestra un total de 15 archivos y 19 carpetas. De manera adicional aparecen los \"..\" ¿cuantos tengo? realmente', 191),
(43, 2, 'Las hojas de cálculo se identifican por las siglas ...', 196),
(44, 2, 'Las presentaciones se identifican por las siglas', 200),
(45, 2, '¿Será cierto que tanto avanza las características de los equipos, también existe la exigencia por parte de las aplicaciones?', 205),
(47, 3, 'Su tendencia en distintas épocas era acabar con las normas y medidas económicas de los estados se llamó ....', 222),
(48, 3, '¿En que año surge el término globalización?', 225),
(49, 3, 'En los años 70 a la globalización se le denominó', 228),
(50, 3, 'En los años 80 significaba la creciente interdependencia de las economías nacionales y se le llamó ....', 231),
(51, 3, 'En los 90 aparece con tintes económicos referidos a un  mercado  único, prácticamente sin barreras locales de las nacionales', 234),
(52, 3, 'Indica los nombres que ha recibido el término globalización', 239),
(53, 3, 'Menciona que la Globalización es un proceso mediante los mercados y la producción de diferentes países están volviéndose cada vez más interdependientes.', 242),
(54, 3, 'La comisión europea  menciona  que la Globalización es un proceso mediante el cual los mercados y la producción de diferentes países\r\nestán volviéndose cada vez más interdependientes debido a la  ..', 244),
(55, 3, '¿Quienes consideran a la globalización como fenómeno moderno?', 250),
(56, 3, 'Global equivale a  ...', 251),
(57, 3, '¿Global equivale a mundial ?', 254),
(58, 3, '¿La globalización consiste en integración de las diversas sociedades internacionales ?', 256),
(59, 3, 'La globalización  se sustenta en el sistema económico capitalista.', 258),
(60, 3, 'Debe ser considerada como la culminación del proceso de formación y desarrollo de la economía mundial', 261),
(61, 3, 'En este tipo de globalización, se pretende expandir y homologar las aspiraciones humanas, para rescatar las tradiciones', 264),
(62, 3, 'Cuando hablamos de que interviene en nuevos contextos para población y no dejar de lado: Los valores, las costumbres y las tradiciones ¿decimos que es la globalización cultural?', 267),
(63, 3, 'Cuando hablamos de que interviene en nuevos contextos para población y no dejar de lado: Los valores, las costumbres y las tradiciones ¿decimos que es la globalización en términos de identidad?', 269),
(64, 3, 'Es cierto que grandes historiadores y sociólogos afirman que cuando no reconocemos nuestra propia cultura, identidad y raíces, estamos condenados a volver a nacer.', 271),
(65, 3, 'Se pretende expandir y homologar las aspiraciones humanas en la globalización cultural, pretendiendo rescatar las tradiciones, aceptando un destino común sustentado en nuevas representaciones sociales y nuevas visiones del mundo.', 273),
(66, 3, 'Cuando hablamos de globalización cultural decimos que la cultura en el marco del mercado tiende cada vez más a estar conducida por la lógica de la ganancia y de la competencia por consumidores.', 275),
(67, 4, 'El término vector se aplica en ...', 277),
(68, 4, 'Si un vector se define como a={1,2,3,4,5,6}', 280),
(69, 4, 'Si un vector se define como b={{9,8},2,3,4,5,{1,2}}', 285),
(70, 4, 'Si un vector se define como b={1,2,3,4,5,{1,2}}', 287),
(71, 4, 'Si un vector se define como b={1,2,3,4,5,{1,{6,7}}}', 290),
(72, 4, 'Si un vector maneja 3 columnas, 50 filas y 4 niveles de profundidad ¿Cual es la capacidad de almacenamiento?', 297),
(74, 4, 'Las variables dentro de una estuctura', 301),
(75, 4, 'Es un algoritmo que emplea ciclos anidados', 304),
(76, 4, 'Es un algoritmo lento en el ordenamiento y se emplea usando una matriz', 310),
(77, 4, 'Es un algoritmo lento en el ordenamiento y se emplea usando un vector y lo particiona', 314),
(78, 4, 'Es un algoritmo lento en el ordenamiento y se emplea usando un vector', 315),
(79, 4, 'Es un algoritmo rápido en el ordenamiento y se emplea usando un vector anidado ya que ocupa la segmentación del vector', 322),
(80, 4, 'Es un algoritmo rápido en el ordenamiento y se emplea usando una vector', 323),
(81, 4, 'Si hay una definición de una estructura y en su interior esta a,b,c de tipo entero. Se manda el control de la estructura hacia una variable llamada r entonces para asignar un valor deberá escribirse como:', 327),
(82, 4, 'Si hay una definición de una estructura y en su interior esta a,c, de tipo entero y b es un vector entero con 10 posiciones. Se manda el control de la estructura hacia una variable llamada r entonces para asignar un valor correcto deberá escribirse como:', 332),
(83, 4, 'Si hay una definición de una estructura y en su interior esta a,c, de tipo entero y b es de tipo estructura y controla las variables r y t de tipo entero con 10 posiciones. Se manda el control de la estructura hacia una variable llamada w entonces para asignar un valor correcto deberá escribirse como:', 339),
(84, 4, 'El ordenamiento Quick sort Utiliza solamente dos ciclos para realizar todo el ordenamiento de los elementos...', 342),
(85, 4, 'El ordenamiento Quick sort Utiliza solamente dos ciclos para realizar parte de los recorridos izquierda y derecha los cuales se comparan con el pivote', 343),
(86, 4, 'El ordenamiento Quick sort Utiliza solamente dos ciclos para realizar parte de los recorridos izquierda y derecha los cuales se comparan con el primer elemento del vector', 345),
(87, 4, 'El ordenamiento Quick sort Utiliza la recusividad para ...', 348),
(88, 4, 'En el ordenamiento Quick sort el pivote se determina ...', 353),
(89, 4, 'En el ordenamiento burbuja mejorado emplea una bandera para mejorar su rendimiento y determinar que los elementos esten ordenados', 354),
(90, 4, 'Las estructuras solo se pueden acceder empleando una variable como control.', 356),
(91, 4, 'En el ordenamiento Quick Short, el pivote se considera la posición y no el valor', 359),
(92, 4, 'En el ordenamiento Quick sort el pivote se considera el valor y no la posición del vector', 360),
(93, 4, 'A que se le llama overflow en los vectores', 362),
(94, 4, 'concepto pila es cuando el primer elemento en llegar es el último en salir.', 365),
(96, 4, 'El concepto cola es cuando el primer elemento en entrar es el primer elemento en salir', 369),
(97, 4, 'Si tengo un vector con los siguientes números {6,7,8,3,4,1,12,78,22,9,11}\r\ncomo quedaría en la segunda pasada el vector usando el metodo Quick Sort', 375),
(98, 5, '¿Qué es el diseño de la interfaz de usuario?', 376),
(99, 5, 'La interfaz de usuario pretende ....', 380),
(100, 5, '¿Quién realiza la interfaz de usuario?', 384),
(101, 5, '¿Quién realiza la interfaz de usuario?', 387),
(102, 5, 'En el diseño de un software el principio usabilidad consiste en :', 390),
(103, 5, 'Tomando como base que debe estar bien diseñada la interfaz.¿Por qué es importante la interfaz de usuario?', 393),
(104, 5, '¿Cual es la base para la creación del formato de la pantalla.?', 396),
(105, 5, 'Theo Mantel  [MAN97] en su libro crea tres reglas de oro para el diseño de interfaz. Cita una de ellas.', 399),
(106, 5, 'Theo Mantel  [MAN97] en su libro crea tres reglas de oro para el diseño de interfaz. Cita una de ellas.', 402),
(107, 5, 'Theo Mantel  [MAN97] en su libro crea tres reglas de oro para el diseño de interfaz. Cita una de ellas.', 405),
(108, 5, 'Indica principio expuesto por [SIM85]', 408),
(109, 5, 'Uno de los principios que indica PREECE [PRE94]', 411),
(110, 5, 'Indica un participante del estándar iure', 414),
(111, 5, 'El estándar es un requisito, regla o recomendación basada en principios probados y en la práctica representa un acuerdo de un grupo de profesionales oficialmente autorizados.', 417),
(112, 5, 'Los estándares regionales: Son diseños o prácticas aceptadas  desde una industria, organización profesional o entidad empresarial', 419),
(113, 5, 'Los estándares locales: son Diseños o prácticas aceptadas desde una industria, organización profesional o entidad empresarial.', 421),
(114, 5, 'Cuando hablamos de una convención aceptada por una amplia variedad de organizaciones dentro de una nación el estándar es :.', 423),
(115, 5, 'Son estándares que nacen a partir de productos de la industria que tienen un gran éxito en el mercado  o bien a partir de desarrollos hechos por grupos de investigación de universidades y que tienen una gran difusión.', 427),
(116, 5, 'Se dedica desde hace más de 80 años a administrar y coordinar la estandarización voluntaria del sector privado de la industria de estados unidos', 430),
(117, 5, 'Es una asociación profesional técnica, sin ánimo de lucro, con socios en de 150 países. Provienen de un Instituto de Ingenieros eléctricos y electrónicos.', 433),
(118, 5, 'Cuando hablamos de una terminología en común respecto a los beneficios de los estándares, decimos que ...', 437),
(119, 5, 'Uno de los principios expuestos por SCHNETDERMAN (SCH98) es ....', 440),
(120, 5, 'De acuerdo con IBM (IBM01) expone tres puntos los cuales son :', 444),
(121, 6, 'El equipo de alto rendimiento consiste en tener un objetivo claro, los miembros del equipo deben saber cual es el objetivo a lograr ¿falso o cierto?.', 447),
(122, 6, 'Para que los miembros del equipo del proyecto se tomen en cuenta, es fundamental que cada uno de ellos no tenga una función y no conozca sobre en ella, los miembros del equipo no solo deben tener tareas específicas a realizar, sino que deben adentrarse en la discusión de los problemas y en las decisiones que se tomen', 449),
(123, 6, '\" Tener una comunicación clara y buena hacia los miembros del equipo. Un intercambio bueno de la información permite asegurar que se las decisiones correctas y no existirán dudas en los miembros del equipo respecto a qué deben hacer, cuándo, cómo y por qué\". hablamos de ...', 452),
(124, 6, 'Un equipo de alto rendimiento no tiene por qué formar parte de una empresa', 455),
(125, 6, 'Los grupos formales debido a que a su comportamiento y el contacto con las redes sociales vigentes desaparece muy rapidamente', 461),
(126, 6, 'Los grupos informales debido a que a su comportamiento y el contacto con las redes sociales vigentes desaparece muy rápidamente', 465),
(127, 6, 'Por grupos formales nos referimos a los que definen la estructura de la organización.', 466),
(128, 6, 'Cuando hablamos de grupos Formales e informales podríamos determinar lo siguiente:', 473),
(129, 6, 'Cuando hablamos de grupos Formales e informales podríamos determinar lo siguiente:', 474),
(130, 6, 'Cuando un grupo de mando está determinado por el organigrama de la empresa, entonces hablamos de ....', 479),
(131, 6, 'Son aquellos grupos que tienen una subclasificación como: grupos de mando y grupos de tareas.', 484),
(132, 6, 'Son grupos que tienen una subclasificación de :<br><br>\r\na). Grupos de interés<br>b). Grupos de amigos', 490),
(133, 6, 'Cuando decimos que puede ser un conjunto de personas, o cosas materiales que se pueden identificar por su proximidad, sus características o cualquier otra cosa que nos permita diferenciarlos hablamos de  ...', 494),
(134, 6, 'Cuando vemos personas reunidas  para trabajar y colaborar entre sí, para lograr un objetivo decimos que son .....', 500),
(135, 6, 'Una diferencia notable ente Equipo, Grupo y Grupo de Trabajo es ....', 505),
(136, 6, 'Cuando vemos a personas trabajando y ayudándose entre sí diríamos que es ..', 511),
(137, 6, 'El concepto Lider/Responsable/Encargado es aplicable en:', 516),
(138, 6, '-- los miembros interactúan con cierta frecuencia, de forma personal y a partir de ciertas pautas establecidas. La conducta y acciones de cualquiera de sus miembros sirven de estímulo al comportamiento de otros -- el ejemplo sería :', 521),
(139, 7, 'Año en que aparece windows 3.0 y fue el éxito comercial de ese tiempo', 522),
(140, 7, 'Windows 95 aparece en el año', 526),
(141, 7, 'Windows XP, salió un año después de Windows NT', 532),
(142, 7, 'Fue un lanzamiento de windows que no duró mucho en el mercado, debido al gran consumo de recursos y lentitud de procesos, aunque manejaba una atractiva transparencia de ventanas', 535),
(143, 7, 'Fué el sistema operativo que más versiones sacaron de él. su surgimiento fue en el año 2008', 543),
(144, 7, 'Fué el sistema operativo que más versiones sacaron de él. su surgimiento fue en el año 2009', 544),
(145, 7, 'Windows 8 surge en el año 2011', 550),
(146, 7, 'Window 8 surgión en el año 2012', 552),
(147, 7, 'Windows 10 surge en el año 2014', 555),
(148, 7, 'Windows 10 surge en el año 2015', 556),
(149, 7, 'Son comandos internos del Sistema Operativo', 560),
(150, 7, 'DIR, Muestra uno o muchos archivos, pero no puede mostrar las carpetas, para eso se necesita un comando especial', 562),
(151, 7, 'DIR, Muestra uno o muchos archivos, también puede mostrar las carpetas, para eso no se necesita un comando especial', 563),
(152, 7, 'El comando DEL permite deletrear los archivos, tiene la posibilidad de ver el contenido de los archivos y en ocasiones alterarlos', 566),
(153, 7, 'El comando DEL permite borrar los archivos, tiene la posibilidad de recuperarlos en ocasiones', 567),
(154, 7, 'Con los comandos DIR, MD, CD se pueden controlar los directorios ver,crear y cambiarse entre los subdirectorios', 569),
(155, 7, 'Con la sentencia IF se pueden comparar números y archivos e incluso se pueden usar comodines para ejecutar procesos condicionales en los programas por lotes', 571),
(156, 7, 'Con la sentencia IF se pueden comparar archivos e incluso se pueden usar comodines para ejecutar procesos condicionales en los programas por lotes pero no números', 574),
(157, 7, 'El comando RD solo permite borrar ficheros de un directorio y conserva los subdirectorios', 575),
(158, 7, 'En la actualidad RD permite borrar tanto archivos como directorios', 577),
(159, 7, 'El comando Type permite redactar un archivo de texto y grabarlo con Control + Z', 580),
(160, 7, 'El comando Type solo permite la visualización de directorios', 582),
(161, 7, 'El comando Type solo permite la visualización de archivos', 583),
(162, 7, 'Es un comando Externo', 588),
(163, 7, 'Es un comando Externo', 590),
(164, 7, 'Es comando que debe existir físicamente en el disco duro, para poder cambiar los atributos de un archivos o carpeta', 598),
(165, 7, 'COPY es un comando externo y por lo tanto si no existe en el disco no podrá ejecutarse.', 601),
(166, 7, '¿COPY Es un comando interno?', 602),
(167, 7, 'Copy solamente realiza copias de archivos,No ha podido lograr que forme archivos nuevos', 605),
(168, 7, 'Copy solamente realiza copias de archivos,también puede crear archivos nuevos', 606),
(169, 7, '¿Que es command.com?', 608),
(170, 7, 'Dentro de las fases de carga de un sistema operativo se pueden enunciar las siguientes:', 611),
(171, 7, 'El lenguaje ensamblador tiene contacto directo con el disco duro, por lo tanto es un lenguaje de alto nivel.', 614),
(172, 7, 'El lenguaje ensamblador, tiene comunicación directa con la placa base, sobre todo con la memoria; ya que es la realiza todo.', 617),
(173, 7, 'El lenguaje ensamblador es considerado de bajo nivel, por que es poco entendible', 621),
(174, 7, 'El procesamiento por lotes recae en solo archivo con la extensión BAT', 623),
(175, 7, 'Dentro de un archivo por lotes se pueden realizar automatizaciones en conjunto con archivos internos y externos', 627),
(176, 7, 'Dentro de una programación por lotes, se pueden programar rutinas con comandos internos y externos', 629),
(177, 7, 'Los archivos por lotes, son secciones de un disco duro que permiten la ejecución de unidades extraibles', 632),
(178, 0, '0', 637),
(179, 8, 'Es un meta-lenguaje simplificado y adaptado a internet, tiene la capacidad de representar la información de manera estructurada.', 638),
(180, 8, 'No es un lenguaje de programación y no tiene la capacidad de hacer páginas web. Solamente permite estructurar la información mediante etiquetas bien definidas.', 643),
(181, 8, '<img src=\"1.png\">\r\n<br>\r\nLa anterior codificación es un ejemplo de:', 649),
(183, 8, '<img src=\"2.png\">\r\n<br>\r\nLa anterior codificación es un ejemplo de:', 742),
(184, 8, 'Se le considera una evolución en el desarrollo de páginas en la nube', 666),
(185, 8, 'Este no permite modificar modificar cuestiones estéticas, solo sirve como transportador de información (Data)', 669),
(186, 8, 'Cuando un equipo trabaja sin sistema operativo propio recibe el nombre de:', 674),
(187, 8, 'Representa mayores Costos, y por lo tanto no se considera una ventaja de:', 678),
(188, 8, 'Cuando se trabaja con información no centralizada, permite que los archivos que no sean de la empresa se guarden entonces hablamos de:', 682),
(189, 8, 'Estos equipos pueden ser diseñados de modo que ni siquiera los datos de aplicación residan en este. (Apenas son exhibidos en la pantalla). Centralizando se crea una protección contra malware.', 688),
(190, 8, 'Indica algunas aplicaciones que empleen el concepto RIA', 692),
(191, 8, 'Quién aporta la capa o soporte para programar basándonos en el concepto RIA', 701),
(192, 8, 'Definición del concepto RIA', 702),
(193, 8, 'El tipo de programación WEB 1 se basa en:', 706),
(194, 8, 'El desarrollo basado en la WEB 2 era:', 710),
(195, 8, 'Error que significa Archivo no encontrado en un servidor', 713),
(196, 8, 'En las respuestas del servidor indica que no ha problemas. (éxito)', 722),
(197, 8, '¿Que es DOM?', 726),
(198, 8, 'Jaava Script te permite tener el control del navegador ¿antes o después de haber terminado la carga de la página?', 729),
(199, 8, 'Es un ejemplo de Instanciamiento sobre el objeto', 735),
(200, 8, 'La programación basada en XHTML', 736),
(201, 8, '¿Que es AJAS?', 741),
(202, 8, '<br><b>\r\n<persona> \r\n         <nombre>José </nombre><br>\r\n         <apellidos>Román </apellidos><br>\r\n</persona>\r\n</b>\r\n<br>\r\nLa anterior codificación que resultado dará en el navegador:', 748),
(203, 8, '<br><b>\r\n<autor pais=\"México\"> José Román </autor>\r\n</b>\r\n<br>\r\nLa anterior codificación muestra en el navegador:', 751),
(204, 0, '0', 760);

-- --------------------------------------------------------

--
-- Estructura de tabla para la tabla `ex_respuestas`
--

CREATE TABLE `ex_respuestas` (
  `id` int(11) NOT NULL,
  `id_pregunta` int(11) NOT NULL,
  `respuesta` text COLLATE utf8_spanish_ci NOT NULL,
  `img` text COLLATE utf8_spanish_ci NOT NULL
) ENGINE=InnoDB DEFAULT CHARSET=utf8 COLLATE=utf8_spanish_ci;

--
-- Volcado de datos para la tabla `ex_respuestas`
--

INSERT INTO `ex_respuestas` (`id`, `id_pregunta`, `respuesta`, `img`) VALUES
(26, 3, '1o. Alto 2o. Medio 3o. Bajo', ''),
(27, 3, '1o. Código. 2o. Compilación. 3o. Ejecución.', ''),
(28, 3, '1o. NetBeans 2o. Pascal, Basic, Turbo C 3o. Código Binario', ''),
(29, 3, 'Ninguna', ''),
(30, 4, 'Instrucciones Entrada/Salida, Instrucciones aritméticas-lógicas, instrucciones selectivas, instrucciones repetitivas', ''),
(31, 4, 'Instrucciones Operativas, Instrucciones aritmeticas y de selección de tareas', ''),
(32, 4, 'print, read, jOptionpane, int, Integer', ''),
(33, 4, 'Ninguna de las anteriores', ''),
(34, 5, 'No, todos pueden programar en este lenguaje', ''),
(35, 5, 'Las instrucciones son muy simples', ''),
(36, 5, 'Es posible transferir un programa a la memoria sin necesidad de traducción.', ''),
(37, 5, 'La velocidad esta basada en la ram y no en el procesador principal', ''),
(38, 6, 'Fortran', ''),
(39, 6, 'Basic', ''),
(40, 6, 'Pascal', ''),
(41, 6, 'Ensamblador', ''),
(42, 6, 'Cobol', ''),
(43, 7, 'Si, ya que ambos quiere decir ensamblador', ''),
(44, 7, 'No,el primero quiere decir ensamblador y el segundo lenguaje ensamblador', ''),
(45, 7, 'No tengo idea', ''),
(46, 8, 'Ensambladores', ''),
(47, 8, 'Lenguaje de alto nivel', ''),
(48, 8, 'Lenguaje de medio nivel', ''),
(49, 8, 'Lenguaje de bajo nivel', ''),
(50, 9, 'Ensambladores', ''),
(51, 9, 'Lenguaje de alto nivel', ''),
(52, 9, 'Lenguaje de medio nivel', ''),
(53, 9, 'Lenguaje de bajo nivel', ''),
(54, 10, 'Ensambladores', ''),
(55, 10, 'Lenguaje de alto nivel', ''),
(56, 10, 'Lenguaje de medio nivel', ''),
(57, 10, 'Lenguaje de bajo nivel', ''),
(58, 11, 'Qbasic', ''),
(59, 11, 'Turbo C++', ''),
(60, 11, 'Flipper', ''),
(61, 11, 'Macro Ensamblador', ''),
(62, 11, 'Ninguno de estos', ''),
(63, 12, 'Qbasic', ''),
(64, 12, 'Java Script', ''),
(65, 12, 'Netbeans', ''),
(66, 12, 'Visual Basic', ''),
(67, 12, 'Ninguno de estos', ''),
(68, 13, 'El compilador revisa todas las lineas de código y después las ejecuta, el interprete va línea por línea', ''),
(69, 13, 'El proceso es igual en ambos.', ''),
(70, 13, 'El compilador va línea por línea en modo depuracion hasta encontrar un error, el interprete solo traduce', ''),
(71, 13, 'Ninguna de las anteriores', ''),
(72, 14, 'int', ''),
(73, 14, 'Integer', ''),
(74, 14, 'Float', ''),
(75, 14, 'float', ''),
(76, 14, 'byte', ''),
(77, 15, 'int', ''),
(78, 15, 'Integer', ''),
(79, 15, 'char', ''),
(80, 15, 'float', ''),
(81, 15, 'Ninguno de estos', ''),
(82, 16, 'Integer, Float, String', ''),
(83, 16, 'int,float,char', ''),
(85, 16, 'Tipos Booleanos', ''),
(86, 16, 'Tipos Numéricos', ''),
(89, 17, 'Tipos Booleanos', ''),
(90, 17, 'Tipos Numéricos', ''),
(91, 17, 'TAD\'s', ''),
(92, 17, 'Tipos Caracter', ''),
(93, 18, 'Tipos Booleanos', ''),
(94, 18, 'Tipos Numéricos', ''),
(95, 18, 'Tipos Flotantes', ''),
(96, 18, 'Tipos Caracter', ''),
(97, 19, 'FOR', ''),
(98, 19, 'WHILE', ''),
(99, 19, 'REPEAT', ''),
(100, 19, 'RECURSIVIDAD', ''),
(101, 20, 'FOR', ''),
(102, 20, 'WHILE', ''),
(103, 20, 'RECURSIVIDAD', ''),
(104, 21, 'FOR', ''),
(105, 21, 'WHILE', ''),
(106, 21, 'RECURSIVIDAD', ''),
(107, 22, '4,3,2,1,0', ''),
(108, 22, '3,2,1,0', ''),
(109, 22, '-11,4,3,2,1', ''),
(110, 22, 'No imprime nada', ''),
(111, 23, '0', ''),
(112, 23, '0', ''),
(113, 23, '0', ''),
(114, 23, '0', ''),
(115, 23, '0', ''),
(116, 24, 'Fallas en el funcionamiento del equipo', ''),
(117, 24, 'No pasa nada', ''),
(118, 24, 'Se reconstruye automáticamente', ''),
(119, 25, 'Sistema, aplicaciones,documenos', ''),
(120, 25, 'Sistema, mp3,videos, etc', ''),
(121, 25, 'de Arranque, de intercambio y dinamicos', ''),
(122, 26, 'EXE', ''),
(123, 26, 'DOC', ''),
(124, 26, 'SWP', ''),
(125, 26, 'PPT', ''),
(126, 26, 'DLL', ''),
(127, 27, 'H', ''),
(128, 27, 'W', ''),
(129, 27, 'V', ''),
(130, 27, 'J', ''),
(131, 27, 'IO', ''),
(132, 28, 'Nombre y Extensión', ''),
(133, 28, 'Fecha de inicio y de anclaje', ''),
(134, 28, 'La hubicación y su comodin', ''),
(135, 29, 'Solo Lectura', ''),
(136, 29, 'Solo modificable', ''),
(137, 29, 'Archivo Normal', ''),
(138, 29, 'Archivo de solo Lectura y Escritura', ''),
(139, 30, 'Es una carpeta de sistema', ''),
(140, 30, 'Es una aplicación', ''),
(141, 30, 'Es un documento', ''),
(142, 30, 'Es un archivo de sistema', ''),
(143, 31, 'Comando por lotes', ''),
(144, 31, 'Comando del DOS', ''),
(145, 31, 'Comando de inicio', ''),
(146, 31, 'Comando Interno', ''),
(147, 31, 'Línea de escritura en pantalla negra', ''),
(148, 32, 'Muestra archivos', ''),
(149, 32, 'Muestra archivos y carpetas', ''),
(150, 32, 'Muestra solo carpetas', ''),
(151, 32, 'Muestra archivos ocultos', ''),
(152, 33, 'Nos muestra los archivos ocultos', ''),
(153, 33, 'Muestra archivos de solo lectura', ''),
(154, 33, 'Muestra los archivos normales', ''),
(155, 34, 'MD', ''),
(156, 34, 'CD', ''),
(157, 34, 'RD', ''),
(158, 34, 'MS', ''),
(159, 35, 'CD', ''),
(160, 35, 'RD', ''),
(161, 35, 'MD', ''),
(162, 35, 'MS', ''),
(163, 36, '0', ''),
(164, 36, '0', ''),
(165, 36, '0', ''),
(166, 36, '0', ''),
(167, 36, '0', ''),
(168, 37, 'Todo aquello que se puede tocar', ''),
(169, 37, 'WORD', ''),
(170, 37, 'EXCEL', ''),
(171, 37, 'Todo aquello intangible no se puede tocar', ''),
(172, 37, 'WiNDOWS', ''),
(173, 38, 'Todo aquello que no se puede tocar', ''),
(174, 38, 'Todo lo tangible de una PC', ''),
(175, 38, 'El procesador i5', ''),
(176, 38, 'Un teléfono LG', ''),
(177, 38, 'No esta la respuesta', ''),
(178, 39, 'program files', ''),
(179, 39, 'windows', ''),
(180, 39, 'users', ''),
(181, 39, 'no esta la respuesta', ''),
(182, 40, 'usersmy documents', ''),
(183, 40, 'program files', ''),
(184, 40, 'mis documentos', ''),
(185, 40, 'windows', ''),
(186, 41, 'La creación de un archivo de WORD', ''),
(187, 41, 'La creación de un archivo de EXCEL', ''),
(188, 41, 'La creación de un archivo de texto', ''),
(189, 41, 'La creación de una presentación', ''),
(190, 42, '13 archivos y 19 carpetas', ''),
(191, 42, '15 archivos y 16 carpetas', ''),
(192, 42, 'solo tengo 15 archivos', ''),
(193, 42, 'solo tengo 19 carpetas', ''),
(194, 42, 'pues 15 archivos y 19 carpetas', ''),
(195, 43, 'DOC', ''),
(196, 43, 'XLS', ''),
(197, 43, 'PPT', ''),
(198, 43, 'TXT', ''),
(199, 43, 'PRJ', ''),
(200, 44, 'PPT', ''),
(201, 44, 'DOC', ''),
(202, 44, 'PRJ', ''),
(203, 44, 'XLS', ''),
(204, 44, 'TXT', ''),
(205, 45, 'Si', ''),
(206, 45, 'No', ''),
(220, 47, 'Globalización', ''),
(221, 47, 'Mundialización', ''),
(222, 47, 'Desregulación', ''),
(223, 48, '70', ''),
(224, 48, '80', ''),
(225, 48, '90', ''),
(226, 48, '60', ''),
(227, 48, '85', ''),
(228, 49, 'Desregulación', ''),
(229, 49, 'Mundialización', ''),
(230, 49, 'Globalización', ''),
(231, 50, 'Mundialización', ''),
(232, 50, 'Desregulación', ''),
(233, 50, 'Globalización', ''),
(234, 51, 'Globalización', ''),
(235, 51, 'Mundialización', ''),
(236, 51, 'Desregulación', ''),
(237, 52, 'Desgulación y Mundialización', ''),
(238, 52, 'Privatización y Mundialización', ''),
(239, 52, 'Desregulación y Mundialización', ''),
(240, 53, 'La ONU', ''),
(241, 53, 'La economía mundial', ''),
(242, 53, 'La comisión Europea', ''),
(243, 53, 'La comisión Mixta Económica', ''),
(244, 54, 'dinámica del intercambio de bienes y servicios y a los flujos de capital y tecnología', ''),
(245, 54, 'manufatura y a los fenómenos sociales y económicos', ''),
(246, 54, 'regulación de las distintas economías mundiales', ''),
(247, 55, 'Sociólogos', ''),
(248, 55, 'Economistas', ''),
(249, 55, 'Historiadores', ''),
(250, 55, 'Las tres respuestas', ''),
(251, 56, 'Mundial', ''),
(252, 56, 'Integración', ''),
(253, 56, 'Privatizar', ''),
(254, 57, 'Cierto', ''),
(255, 57, 'Falso', ''),
(256, 58, 'Cierto', ''),
(257, 58, 'Falso', ''),
(258, 59, 'Cierto', ''),
(259, 59, 'Falso', ''),
(260, 59, 'Si pero primero debió ser socialista', ''),
(261, 60, 'Globalización económica', ''),
(262, 60, 'Globalización cultural', ''),
(263, 60, 'Economía mundial', ''),
(264, 61, 'Cultural', ''),
(265, 61, 'En términos de identidad', ''),
(266, 61, 'Económica', ''),
(267, 62, 'Falso', ''),
(268, 62, 'Cierto', ''),
(269, 63, 'Cierto', ''),
(270, 63, 'Falso', ''),
(271, 64, 'Cierto', ''),
(272, 64, 'Falso', ''),
(273, 65, 'Cierto', ''),
(274, 65, 'Falso', ''),
(275, 66, 'Cierto', ''),
(276, 66, 'Falso', ''),
(277, 67, 'memoria estática', ''),
(278, 67, 'memoria dinámica', ''),
(279, 67, 'ambos', ''),
(280, 68, 'es unidimensional', ''),
(281, 68, 'es bidimensional', ''),
(282, 68, 'es multidimensión', ''),
(283, 68, 'ninguno', ''),
(284, 69, 'es unidimensional', ''),
(285, 69, 'es bidimensional', ''),
(286, 69, 'es multidimensional', ''),
(287, 70, 'se puede manejar con 2 indices', ''),
(288, 70, 'se puede manejar con 1 indice', ''),
(289, 70, 'se puede manejar con 3 indices', ''),
(290, 71, 'es un vector multidimensional', ''),
(291, 71, 'es una matriz', ''),
(292, 71, 'es un vector unidimensional', ''),
(293, 72, '150 espacios', ''),
(294, 72, '601 espacios', ''),
(295, 72, '458 espacios', ''),
(296, 72, '200 + 3 columnas para formar el espacios', ''),
(297, 72, 'no esta la respuesta', ''),
(298, 73, 'definir', ''),
(299, 73, 'crear y modificar', ''),
(300, 73, 'editar si es de tipo \"M\"', ''),
(301, 74, 'solo son accesibles desde una variable de control', ''),
(302, 74, 'no hay forma de ingresar valores', ''),
(303, 74, 'son definidas y accesibles fácilmente', ''),
(304, 75, 'ordenamiento burbuja', ''),
(305, 75, 'ordenamiento quick sort', ''),
(306, 75, 'ordenamiento shell', ''),
(307, 76, 'burbuja', ''),
(308, 76, 'shell', ''),
(309, 76, 'quick sort', ''),
(310, 76, 'no esta la respuesta', ''),
(311, 77, 'burbuja', ''),
(312, 77, 'shell', ''),
(313, 77, 'quick sort', ''),
(314, 77, 'no esta la respuesta', ''),
(315, 78, 'burbuja', ''),
(316, 78, 'quick sort', ''),
(317, 78, 'shell', ''),
(318, 78, 'no esta la respuesta', ''),
(319, 79, 'burbuja', ''),
(320, 79, 'quick sort', ''),
(321, 79, 'shell', ''),
(322, 79, 'no esta la respuesta', ''),
(323, 80, 'quick sort', ''),
(324, 80, 'burbuja', ''),
(325, 80, 'shell', ''),
(326, 80, 'no esta la respuesta', ''),
(327, 81, 'r.a=10', ''),
(328, 81, 'r.b.a=10', ''),
(329, 81, 'r.c.a=10', ''),
(330, 81, 'r.a.b=10', ''),
(331, 81, 'no esta la respuesta', ''),
(332, 82, 'r.b[0]=100', ''),
(333, 82, 'r.b=100', ''),
(334, 82, 'r.a.b=100', ''),
(335, 82, 'r.b[c]=100', ''),
(336, 82, 'no esta la respuesta', ''),
(337, 83, 'w.a.c=10', ''),
(338, 83, 'w.a.b.r=\"Hola\"', ''),
(339, 83, 'w.b.r=0', ''),
(340, 83, 'no esta la respuesta', ''),
(341, 84, 'cierto', ''),
(342, 84, 'falso', ''),
(343, 85, 'cierto', ''),
(344, 85, 'falso', ''),
(345, 86, 'falso', ''),
(346, 86, 'cierto', ''),
(347, 87, 'terminar de ordenar, ya que sin esto no puede ordenarlos', ''),
(348, 87, 'para visitar las particiones el extremo izquierdo y después el derecho', ''),
(349, 87, 'para detener el proceso en las particiones', ''),
(350, 88, 'inicio + final /2', ''),
(351, 88, 'final - inicio /  2', ''),
(352, 88, '2/(inicio+final)', ''),
(353, 88, '( inicio + final ) / 2', ''),
(354, 89, 'cierto', ''),
(355, 89, 'falso', ''),
(356, 90, 'cierto', ''),
(357, 90, 'falso', ''),
(358, 91, 'cierto', ''),
(359, 91, 'falso', ''),
(360, 92, 'cierto', ''),
(361, 92, 'falso', ''),
(362, 93, 'cuando un elemento esta fuera del vector', ''),
(363, 93, 'cuando un elemento esta dentro de un vector', ''),
(364, 93, 'es una posición del vector', ''),
(365, 94, 'cierto', ''),
(366, 94, 'falso', ''),
(367, 95, 'falso', ''),
(368, 95, 'cierto', ''),
(369, 96, 'cierto', ''),
(370, 96, 'falso', ''),
(371, 97, '{6,7,8,3,4,1,12,78,22,9,11}', ''),
(372, 97, '{1,7,8,3,4,6,12,78,22,9,11}', ''),
(373, 97, '{6,7,8,3,4,1,9,11,12,78,22}', ''),
(374, 97, '{1,3,4,6,7,8,12,78,22,9,11}', ''),
(375, 97, 'no esta la respuesta', ''),
(376, 98, 'Una categoría de diseño, que crea un medio de comunicación entre el hombre y la máquina', ''),
(377, 98, 'Son principios del prediseño y arquitectura', ''),
(378, 98, 'Es la arquitectura de la pantalla, la cual usa cuadrantes para una mejor distribución', ''),
(379, 98, 'Es el medio de comunicación entre la pantalla y la máquina', ''),
(380, 99, 'Identificar los objetos y acciones de la interfaz, mediante principios de diseño', ''),
(381, 99, 'Pretende formar una diseño de pantalla', ''),
(382, 99, 'Crear una pantalla mediante diseños predefinidos', ''),
(383, 99, 'Obliga al diseñador realizar pantallas de captura', ''),
(384, 100, 'No, esta la respuesta', ''),
(385, 100, 'El analista de sistemas', ''),
(386, 100, 'El programador', ''),
(387, 101, 'El ingeniero de software', ''),
(388, 101, 'No, esta la respuesta', ''),
(389, 101, 'El analista de sistemas', ''),
(390, 102, 'Tener pantallas fáciles de interpretar por parte de los usuarios, su objetivo facilitar la captura, secuencia y operación de la aplicación', ''),
(391, 102, 'Tener un buen uso de las pantallas por parte del usuario final', ''),
(392, 102, 'Tener de manera táctica las pantallas con una secuencia dejando la parte operativa', ''),
(393, 103, 'Dado que la interfaz es la que da forma a la percepción del software por parte del usuario', ''),
(394, 103, 'Por sin ella se pierde el control de lo que se captura', ''),
(395, 103, 'Para que exista una coherencia entre los datos que se manejen en la pantalla de captura', ''),
(396, 104, 'Una  vez identificadas las tareas, se crean y se analizan los escenarios del usuario para definir el conjunto de objetos y de acciones en la interfaz. Y todo comienza con la identificación de los requisitos de usuario', ''),
(397, 104, 'Las tareas encomendadas por los analistas de sistemas, ya que inician el proceso de recolección de datos', ''),
(398, 104, 'Los programadores identificando las estructuras y las bases de datos que se utilizaran en el diseño, ya que sin esta base no se puede iniciar el proyecto, no se tendría la estructura inicial', ''),
(399, 105, 'Dar el control al usuario', ''),
(400, 105, 'Dar un diseño colorido', ''),
(401, 105, 'Indicar la ayuda de controles constantemente', ''),
(402, 106, 'Reducir la carga de memoria del usuario', ''),
(403, 106, 'Indicar con los botones la operación a realizar de manera clara', ''),
(404, 106, 'Ajustar la pantalla para que la interfaz no le sea difícil de entender al usuario.', ''),
(405, 107, 'Construir una interfaz consecuente', ''),
(406, 107, 'Crear una guía de uso manual técnico', ''),
(407, 107, 'Crear un manual técnico y de usuario, para que al final del diseño el cliente pueda recordar la funcionalidad del sistema', ''),
(408, 108, 'Definir los usuarios', ''),
(409, 108, 'Crear las pantallas de captura', ''),
(410, 108, 'Crear guias de estilo para adoptar varias formas funcionales', ''),
(411, 109, 'Estudiar la población de usuarios', ''),
(412, 109, 'Minimizar riesgos', ''),
(413, 109, 'Encausar las pantallas de los usuarios', ''),
(414, 110, 'ASQ', ''),
(415, 110, 'ASM', ''),
(416, 110, 'MASM', ''),
(417, 111, 'Cierto', ''),
(418, 111, 'Falso', ''),
(419, 112, 'Falso', ''),
(420, 112, 'Cierto', ''),
(421, 113, 'Cierto', ''),
(422, 113, 'Falso', ''),
(423, 114, 'Nacionales', ''),
(424, 114, 'Locales', ''),
(425, 114, 'Internacionales', ''),
(426, 114, 'Regional', ''),
(427, 115, 'FACTO', ''),
(428, 115, 'IURE', ''),
(429, 115, 'FACTO y IURE', ''),
(430, 116, 'ANSI', ''),
(431, 116, 'IEEE', ''),
(432, 116, 'IEC', ''),
(433, 117, 'IEEE', ''),
(434, 117, 'IEC', ''),
(435, 117, 'ANSI', ''),
(436, 117, 'ISO', ''),
(437, 118, 'Permite a los diseñadores discutir los mismos conceptos y hacer valoraciones comparativas', ''),
(438, 118, 'Permite definir roles de trabajo y asignación de tareas', ''),
(439, 118, 'Permite controlar la secuencia del proyecto en relación a los diferente debates', ''),
(440, 119, 'Prevenir errores antes de ocurran', ''),
(441, 119, 'Monitorear el proyecto  constantemente.', ''),
(442, 119, 'Consistencia en las pantallas empleadas', ''),
(443, 119, 'La familiaridad y regularidad de los proyectos desarrollados para implementar la reingeniería', ''),
(444, 120, 'a)Diseño substractivo<br> b)Herencia visual <br> Similitud', ''),
(445, 120, 'a)Apoyo<br>b)Acciones<br>c)Prevención', ''),
(446, 120, 'a)Familiaridad<br>b)Seguridad y Monitoreo <br>c)Difusión de resultados', ''),
(447, 121, 'Cierto', ''),
(448, 121, 'Faso', ''),
(449, 122, 'Cierto', ''),
(450, 122, 'Falso', ''),
(451, 122, 'No lo sé', ''),
(452, 123, 'Equipo de alto rendimiento', ''),
(453, 123, 'Equipo', ''),
(454, 123, 'Grupo', ''),
(455, 124, 'Cierto', ''),
(456, 124, 'Falso', ''),
(457, 124, 'No lo sé', ''),
(458, 125, 'cierto: ya que una de las principales causas', ''),
(459, 125, 'aveces: la sredes sociales impactan y permiten una mejor comunicación con este tipo de grupos', ''),
(460, 125, 'falso: las formales se rigen por alianzas naturales', ''),
(461, 125, 'no esta la respuesta', ''),
(462, 126, 'cierto: ya que una de las principales causas', ''),
(463, 126, 'aveces: las redes sociales impactan y permiten una mejor comunicación con este tipo de grupos', ''),
(464, 126, 'falso: las formales se rigen por una estructura sólida', ''),
(465, 126, 'no esta la respuesta', ''),
(466, 127, 'cierto: En los grupos formales, el comportamiento de los individuos está estipulado y dirigido hacia las metas de la organización', ''),
(467, 127, 'puede ser:  En los grupos formales, el comportamiento de los individuos es muy importante en las organizaciones, ya que estas dependen al 100% de sus integrantes', ''),
(468, 127, 'falso: las formales se rigen por alianzas naturales entre las diferentes organizaciones', ''),
(469, 127, 'no esta la respuesta', ''),
(470, 128, 'En los grupos formales, el comportamiento de los individuos está estipulado y dirigido hacia las metas de la organización', ''),
(471, 128, 'El comportamiento de los individuos está estipulado y dirigido hacia las metas en donde implementen estos conceptos', ''),
(472, 128, 'No hay una razón que, por sí sola, sea suficiente para explicar por qué los individuos se unen entre sí.', ''),
(473, 128, 'no esta la respuesta', ''),
(474, 129, 'Los grupos formales e informales son grupos que existen en el clima laboral y la productividad de todas las organizaciones', ''),
(475, 129, 'Representan asociaciones dentro del mundo en que vivimos', ''),
(476, 129, 'Son diferentes formas de hacer alianza en un beneficio en común', ''),
(477, 129, 'No esta la respuesta', ''),
(478, 129, 'Hay formales por que forman e informales por que informan', ''),
(479, 130, 'Grupo formal', ''),
(480, 130, 'Grupo informal', ''),
(481, 130, 'Grupo relacional', ''),
(482, 130, 'Grupo estructural', ''),
(483, 130, 'Grupo de mando', ''),
(484, 131, 'Grupo formal', ''),
(485, 131, 'Grupo informal', ''),
(486, 131, 'Grupo relacional', ''),
(487, 131, 'Grupo estructural', ''),
(488, 131, 'Grupo', ''),
(489, 132, 'Grupo formal', ''),
(490, 132, 'Grupo informal', ''),
(491, 132, 'Grupo relacional', ''),
(492, 132, 'Grupo estructural', ''),
(493, 132, 'No hay tal subclasficación', ''),
(494, 133, 'Grupo', ''),
(495, 133, 'Equipo', ''),
(496, 133, 'Grupo de trabajo', ''),
(497, 133, 'Red Social', ''),
(498, 133, 'Las secciones católicas', ''),
(499, 134, 'Grupo', ''),
(500, 134, 'Equipo', ''),
(501, 134, 'Grupo relacional', ''),
(502, 134, 'Grupo estructural', ''),
(503, 134, 'No esta la respuesta', ''),
(504, 135, 'El lograr un objetivo', ''),
(505, 135, 'No todas las personas deben estar juntas', ''),
(506, 135, 'No todas tienen características en común', ''),
(507, 135, 'No hay diferencias', ''),
(508, 136, 'Grupo', ''),
(509, 136, 'Grupo de Trabajo', ''),
(510, 136, 'Equipo', ''),
(511, 136, 'Algo que vemos en los tres conceptos', ''),
(512, 136, 'por que simplemente se están organizando', ''),
(513, 137, 'a) Equipo', ''),
(514, 137, 'b) Grupo', ''),
(515, 137, 'c) Grupo de Trabajo', ''),
(516, 137, 'Los tres conceptos', ''),
(517, 137, 'Solamente a el grupo de Trabajo', ''),
(518, 138, 'a). Los colectivos de mujeres<br>', ''),
(519, 138, 'b). Los universitarios', ''),
(520, 138, 'c). Los adultos mayores', ''),
(521, 138, 'd). Ninguno de estos ejemplos son considerados grupos', ''),
(522, 139, '1990', ''),
(523, 139, '1987', ''),
(524, 139, '1991', ''),
(525, 139, '1985', ''),
(526, 140, '1994', ''),
(527, 140, '1995', ''),
(528, 140, '1996', ''),
(529, 140, '1993', ''),
(530, 140, '1997', ''),
(531, 141, 'Cierto, ya que windows XP tiene muchas apariencias físicas con windows NT', ''),
(532, 141, 'Falso,surgió despues de Windows ME', ''),
(533, 141, 'Cierto, Fue el sucesor de NT, debido a que manejaba cuentas de usuarios', ''),
(534, 141, 'Falso, surgió despues de windows 2000', ''),
(535, 142, 'Windows Vista', ''),
(536, 142, 'Windows 7', ''),
(537, 142, 'Windows Me', ''),
(538, 142, 'Windows 2000', ''),
(539, 143, 'Windows 7', ''),
(540, 143, 'Windows Vista', ''),
(541, 143, 'Windows Me', ''),
(542, 143, 'Windows 2000', ''),
(543, 143, 'No esta la respuesta', ''),
(544, 144, 'Windows 7', ''),
(545, 144, 'Windows Vista', ''),
(546, 144, 'Windows Me', ''),
(547, 144, 'Windows 2000', ''),
(548, 144, 'No esta la respuesta', ''),
(549, 145, 'Cierto', ''),
(550, 145, 'Falso', ''),
(551, 145, 'No tengo idea', ''),
(552, 146, 'Cierto', ''),
(553, 146, 'Falso', ''),
(554, 147, 'Cierto', ''),
(555, 147, 'Falso', ''),
(556, 148, 'Cierto', ''),
(557, 148, 'Falso', ''),
(558, 149, '<br>1.- Cls <br> 2.- TREE <br> 3.-ECHO', ''),
(559, 149, '<br>1.- Cls <br> 2.-FDISK  <br> 3.-ECHO', ''),
(560, 149, '<br>1.- Cls <br> 2.- CD <br> 3.-ECHO', ''),
(561, 150, 'Cierto', ''),
(562, 150, 'Falso', ''),
(563, 151, 'Cierto', ''),
(564, 151, 'Falso', ''),
(565, 152, 'Cierto', ''),
(566, 152, 'Falso', ''),
(567, 153, 'Cierto', ''),
(568, 153, 'Falso', ''),
(569, 154, 'Cierto', ''),
(570, 154, 'Falso', ''),
(571, 155, 'Cierto', ''),
(572, 155, 'Falso', ''),
(573, 156, 'Cierto', ''),
(574, 156, 'Falso', ''),
(575, 157, 'Falso', ''),
(576, 157, 'Cierto', ''),
(577, 158, 'Cierto', ''),
(578, 158, 'Falso', ''),
(579, 159, 'Cierto', ''),
(580, 159, 'Falso', ''),
(581, 160, 'Cierto', ''),
(582, 160, 'Falso', ''),
(583, 161, 'Cierto', ''),
(584, 161, 'Falso', ''),
(585, 162, 'DIR', ''),
(586, 162, 'CMD', ''),
(587, 162, 'CD', ''),
(588, 162, 'ATTRIB', ''),
(589, 162, 'DEL', ''),
(590, 163, 'chkdsk', ''),
(591, 163, 'dir', ''),
(592, 163, 'cls', ''),
(593, 163, 'rd', ''),
(594, 163, 'cd', ''),
(595, 164, 'CMP', ''),
(596, 164, 'CHKDSK', ''),
(597, 164, 'TREE', ''),
(598, 164, 'ATTRIB', ''),
(599, 164, 'DIR /A *.*', ''),
(600, 165, 'Cierto', ''),
(601, 165, 'Falso', ''),
(602, 166, 'Cierto', ''),
(603, 166, 'Falso', ''),
(604, 167, 'Cierto', ''),
(605, 167, 'Falso', ''),
(606, 168, 'Cierto', ''),
(607, 168, 'Falso', ''),
(608, 169, 'Es un archivo de carga inicial que contiene los comandos básicos', ''),
(609, 169, 'Es un archivo, puede no existir para el inicio de un equipo de cómputo', ''),
(610, 169, 'Es un archivo de temporal  que usa windows', ''),
(611, 170, '<br>1.- Bios Busca un sistema Operativo <br>2.- Se carga el Shell o interpretador de Comandos<br>3.- Carga de la interfaz', ''),
(612, 170, '<br>1.- Bios reconce los componentes dentro de la placa <br>2.- Se carga el dir, cd, md<br>3.- Entra la solicitud de usuario', ''),
(613, 170, '<br>1.- Bios lee su sistema <br>2.- Se carga el interpretador de Comandos<br>3.- Carga los controladores <br>4.- Carga el ambiente virtual', ''),
(614, 171, 'Cierto', ''),
(615, 171, 'Falso', ''),
(616, 171, 'No lo sé', ''),
(617, 172, 'Cierto', ''),
(618, 172, 'Falso', ''),
(619, 172, 'No lo sé', ''),
(620, 173, 'Cierto', ''),
(621, 173, 'Falso', ''),
(622, 173, 'No lo sé', ''),
(623, 174, 'Cierto', ''),
(624, 174, 'Falso', ''),
(625, 174, 'No lo sé', ''),
(626, 175, 'Cierto', ''),
(627, 175, 'Falso', ''),
(628, 175, 'No lo sé', ''),
(629, 176, 'Cierto', ''),
(630, 176, 'Falso', ''),
(631, 177, 'Cierto', ''),
(632, 177, 'Falso', ''),
(633, 178, '0', ''),
(634, 178, '0', ''),
(635, 178, '0', ''),
(636, 178, '0', ''),
(637, 178, '0', ''),
(638, 179, 'XML', ''),
(639, 179, 'HTML', ''),
(640, 179, 'UML', ''),
(641, 179, 'XHTML', ''),
(642, 179, 'SGML', ''),
(643, 180, 'XML', ''),
(644, 180, 'PHP', ''),
(645, 180, 'UML', ''),
(646, 180, 'JAVA', ''),
(647, 180, 'JAVA-SCRIPT', ''),
(649, 181, 'XML', ''),
(651, 181, 'UML', ''),
(653, 181, 'XHTML', ''),
(655, 181, 'HTML', ''),
(657, 181, 'Ninguna de las anteriores', ''),
(658, 182, 'XML', ''),
(659, 182, 'UML', ''),
(660, 182, 'XHTML', ''),
(661, 182, 'HTML', ''),
(662, 182, 'HTML 5', ''),
(663, 184, 'XML', ''),
(664, 184, 'HTML', ''),
(665, 184, 'UML', ''),
(666, 184, 'XHTML', ''),
(667, 184, 'JAVA-SCRIPT', ''),
(668, 185, 'MySQL', ''),
(669, 185, 'XML', ''),
(670, 185, 'UML', ''),
(671, 185, 'HTML', ''),
(672, 185, 'XHTML', ''),
(673, 186, 'Cliente sin Software', ''),
(674, 186, 'PC Ligero', ''),
(675, 186, 'PC Dependiente', ''),
(676, 186, 'PC sin Disco Duro', ''),
(677, 186, 'PC solo para RED', ''),
(678, 187, 'Una PC ó Estación Normal', ''),
(679, 187, 'Cliente Liviano', ''),
(680, 187, 'Cliente - Servidor', ''),
(681, 187, 'Cliente Ligero', ''),
(682, 188, 'Una PC ó Estación Normal', ''),
(683, 188, 'Estación de Trabajo', ''),
(684, 188, 'Cliente - Servidor', ''),
(685, 188, 'Cliente Ligero', ''),
(686, 188, 'Cliente Liviano', ''),
(687, 189, 'Una PC ó Estación Normal', ''),
(688, 189, 'Cliente Liviano', ''),
(689, 189, 'Cliente - Servidor', ''),
(690, 189, 'Cliente con características de protección', ''),
(691, 189, 'Cliente personalizado', ''),
(692, 190, 'Zoho, Gmail ó Pixl', ''),
(693, 190, 'Visual Basic', ''),
(694, 190, 'Netbean', ''),
(695, 190, 'XHTML', ''),
(696, 190, 'JAVA-SCRIPT', ''),
(697, 191, 'AJAX', ''),
(698, 191, 'Adobe Acrobat', ''),
(699, 191, 'Adobe Reader', ''),
(700, 191, 'Adobe Flash', ''),
(701, 191, 'Adobe AIR', ''),
(702, 192, 'Una aplicación RIA es ejecutada en el interior de un navegador y se caracteriza y diferencia de las aplicaciones web corrientes por presentar un comportamiento similar al de las de escritorio.', ''),
(703, 192, 'RIA, capacidad de producir recargas de página, desde el principio de una página WEB.', ''),
(704, 192, 'RIA es una aplicación WEB Tradicional, pero con mejoras', ''),
(705, 192, 'Rich Internet Apps. Es una característica, avanzada de la WEB', ''),
(706, 193, 'Programación la cual estaba orientada a paginas solo de información solo manejo de Hiperenlaces', ''),
(707, 193, 'Programación difícil para usuario final, muy tediosa', ''),
(708, 193, 'Programación Orientada a los objetos de internet', ''),
(709, 193, 'Era simple y forma amigable para el programador, pero difícil para el cliente', ''),
(710, 194, 'para obtener mayor actividad y manejar las respuestas de los usuarios', ''),
(711, 194, 'para obtener mayor rendimiento en los equipos', ''),
(712, 194, 'para mantener la fluidez de la información', ''),
(713, 195, '404', ''),
(714, 195, '304', ''),
(715, 195, '204', ''),
(716, 195, '504', ''),
(717, 195, '004', ''),
(718, 196, '042', ''),
(719, 196, '404', ''),
(720, 196, '210', ''),
(721, 196, '05', ''),
(722, 196, 'No esta la respuesta', ''),
(723, 197, 'Es un interfaz', ''),
(724, 197, 'Es una técnica de programación', ''),
(725, 197, 'Es un navegador', ''),
(726, 197, 'Es un objeto parte del Navegador', ''),
(727, 197, 'No esta la respuesta', ''),
(728, 198, 'antes', ''),
(729, 198, 'después', ''),
(730, 198, 'Es falso; no permite el control de la página WEB', ''),
(731, 199, 'int prueba=XmlResquest()', ''),
(732, 199, 'var a=XMLHttpResquest();', ''),
(733, 199, 'XML=XMLHttResquest()', ''),
(734, 199, 'var w=XMHttpResques()', ''),
(735, 199, 'No esta la respuesta', ''),
(736, 200, 'Es una mejora de HTML', ''),
(737, 200, 'Es una falla del HTML', ''),
(738, 200, 'Es una programación obsoleta', ''),
(739, 201, 'Es un Api', ''),
(740, 201, 'Es el nuevo modelo de programación basado en objetos', ''),
(741, 201, 'No es nada, No hay respuesta', ''),
(742, 183, 'XML', ''),
(743, 183, 'UML', ''),
(744, 183, 'XHTML', ''),
(745, 183, 'Modo de escritura en Android', ''),
(746, 183, 'HTML 5', ''),
(747, 202, 'Ninguno, ya que no tiene un body', ''),
(748, 202, 'Muestra, solamente el campo jose roman', ''),
(749, 202, 'Es codificación UML', ''),
(750, 202, 'Es codificación XML', ''),
(751, 203, 'Solo José Román', ''),
(752, 203, 'Solo méxico', ''),
(753, 203, 'Muestra las dos cosas', ''),
(754, 203, 'Es HTML y XML', ''),
(755, 203, 'Es XML y no muestra nada', ''),
(756, 204, '0', ''),
(757, 204, '0', ''),
(758, 204, '0', ''),
(759, 204, '0', ''),
(760, 204, '0', '');

-- --------------------------------------------------------

--
-- Estructura de tabla para la tabla `ex_respuestas_alum`
--

CREATE TABLE `ex_respuestas_alum` (
  `id` int(11) NOT NULL,
  `id_pregunta` int(11) NOT NULL,
  `id_respuesta` int(11) NOT NULL,
  `id_examen` int(11) NOT NULL,
  `mat` int(11) NOT NULL
) ENGINE=InnoDB DEFAULT CHARSET=utf8 COLLATE=utf8_spanish_ci;

--
-- Volcado de datos para la tabla `ex_respuestas_alum`
--

INSERT INTO `ex_respuestas_alum` (`id`, `id_pregunta`, `id_respuesta`, `id_examen`, `mat`) VALUES
(2515, 98, 376, 5, 16307037),
(2516, 116, 430, 5, 16307037),
(2517, 107, 405, 5, 16307037),
(2518, 110, 414, 5, 16307037),
(2519, 109, 411, 5, 16307037),
(2520, 105, 399, 5, 16307037),
(2521, 113, 421, 5, 16307037),
(2522, 104, 396, 5, 16307037),
(2523, 112, 419, 5, 16307037),
(2524, 102, 390, 5, 16307037),
(2525, 102, 390, 5, 16307077),
(2526, 111, 417, 5, 16307077),
(2527, 109, 411, 5, 16307077),
(2528, 117, 433, 5, 16307077),
(2529, 104, 396, 5, 16307077),
(2530, 100, 385, 5, 16307077),
(2531, 114, 423, 5, 16307077),
(2532, 115, 427, 5, 16307077),
(2533, 110, 414, 5, 16307077),
(2534, 108, 408, 5, 16307077),
(2535, 107, 405, 5, 16307052),
(2536, 103, 393, 5, 16307052),
(2537, 117, 433, 5, 16307052),
(2538, 106, 402, 5, 16307052),
(2539, 99, 380, 5, 16307052),
(2540, 100, 384, 5, 16307052),
(2541, 105, 399, 5, 16307052),
(2542, 101, 387, 5, 16307052),
(2543, 111, 417, 5, 16307052),
(2544, 104, 396, 5, 16307052),
(2545, 111, 417, 5, 16307029),
(2546, 107, 405, 5, 16307029),
(2547, 104, 396, 5, 16307029),
(2548, 101, 388, 5, 16307029),
(2549, 105, 399, 5, 16307029),
(2550, 100, 386, 5, 16307029),
(2551, 114, 425, 5, 16307029),
(2552, 98, 378, 5, 16307029),
(2553, 103, 395, 5, 16307029),
(2554, 116, 430, 5, 16307029),
(2555, 114, 423, 5, 16307030),
(2556, 99, 380, 5, 16307030),
(2557, 115, 427, 5, 16307030),
(2558, 112, 419, 5, 16307030),
(2559, 111, 417, 5, 16307030),
(2560, 113, 421, 5, 16307030),
(2561, 102, 390, 5, 16307030),
(2562, 110, 414, 5, 16307030),
(2563, 117, 433, 5, 16307030),
(2564, 108, 408, 5, 16307030),
(2565, 108, 408, 5, 16307041),
(2566, 106, 402, 5, 16307041),
(2567, 109, 413, 5, 16307041),
(2568, 117, 433, 5, 16307041),
(2569, 99, 383, 5, 16307041),
(2570, 111, 417, 5, 16307041),
(2571, 105, 400, 5, 16307041),
(2572, 116, 432, 5, 16307041),
(2573, 115, 427, 5, 16307041),
(2574, 98, 378, 5, 16307041),
(2575, 114, 423, 5, 16307013),
(2576, 106, 404, 5, 16307013),
(2577, 100, 384, 5, 16307013),
(2578, 102, 390, 5, 16307013),
(2579, 105, 400, 5, 16307013),
(2580, 99, 381, 5, 16307013),
(2581, 101, 387, 5, 16307013),
(2582, 107, 407, 5, 16307013),
(2583, 116, 430, 5, 16307013),
(2584, 112, 420, 5, 16307013),
(2585, 115, 429, 5, 16307188),
(2586, 107, 405, 5, 16307188),
(2587, 114, 423, 5, 16307188),
(2588, 109, 412, 5, 16307188),
(2589, 103, 393, 5, 16307188),
(2590, 102, 391, 5, 16307188),
(2591, 112, 419, 5, 16307188),
(2592, 117, 436, 5, 16307188),
(2593, 100, 384, 5, 16307188),
(2594, 105, 399, 5, 16307188),
(2595, 99, 382, 5, 16307017),
(2596, 117, 433, 5, 16307017),
(2597, 106, 402, 5, 16307017),
(2598, 111, 417, 5, 16307017),
(2599, 115, 427, 5, 16307017),
(2600, 100, 384, 5, 16307017),
(2601, 98, 376, 5, 16307017),
(2602, 109, 411, 5, 16307017),
(2603, 112, 419, 5, 16307017),
(2604, 103, 393, 5, 16307017),
(2605, 103, 394, 5, 16307012),
(2606, 115, 428, 5, 16307012),
(2607, 106, 404, 5, 16307012),
(2608, 113, 422, 5, 16307012),
(2609, 100, 385, 5, 16307012),
(2610, 102, 390, 5, 16307012),
(2611, 114, 425, 5, 16307012),
(2612, 101, 389, 5, 16307012),
(2613, 104, 396, 5, 16307012),
(2614, 99, 381, 5, 16307012),
(2615, 103, 393, 5, 16307061),
(2616, 117, 433, 5, 16307061),
(2617, 112, 419, 5, 16307061),
(2618, 100, 384, 5, 16307061),
(2619, 114, 423, 5, 16307061),
(2620, 115, 429, 5, 16307061),
(2621, 108, 409, 5, 16307061),
(2622, 107, 406, 5, 16307061),
(2623, 109, 411, 5, 16307061),
(2624, 113, 421, 5, 16307061),
(2625, 116, 430, 5, 16307011),
(2626, 108, 408, 5, 16307011),
(2627, 104, 396, 5, 16307011),
(2628, 98, 376, 5, 16307011),
(2629, 111, 417, 5, 16307011),
(2630, 99, 380, 5, 16307011),
(2631, 114, 423, 5, 16307011),
(2632, 112, 419, 5, 16307011),
(2633, 100, 384, 5, 16307011),
(2634, 101, 387, 5, 16307011),
(2635, 117, 433, 5, 16307045),
(2636, 98, 377, 5, 16307045),
(2637, 106, 404, 5, 16307045),
(2638, 112, 420, 5, 16307045),
(2639, 100, 385, 5, 16307045),
(2640, 107, 407, 5, 16307045),
(2641, 101, 389, 5, 16307045),
(2642, 102, 390, 5, 16307045),
(2643, 105, 401, 5, 16307045),
(2644, 114, 423, 5, 16307045),
(2645, 105, 399, 5, 16307027),
(2646, 98, 376, 5, 16307027),
(2647, 114, 423, 5, 16307027),
(2648, 107, 405, 5, 16307027),
(2649, 113, 422, 5, 16307027),
(2650, 110, 414, 5, 16307027),
(2651, 101, 387, 5, 16307027),
(2652, 106, 402, 5, 16307027),
(2653, 100, 384, 5, 16307027),
(2654, 116, 430, 5, 16307027),
(2655, 117, 433, 5, 16307051),
(2656, 103, 393, 5, 16307051),
(2657, 110, 414, 5, 16307051),
(2658, 114, 423, 5, 16307051),
(2659, 101, 387, 5, 16307051),
(2660, 111, 417, 5, 16307051),
(2661, 99, 380, 5, 16307051),
(2662, 102, 390, 5, 16307051),
(2663, 106, 402, 5, 16307051),
(2664, 116, 430, 5, 16307051),
(2665, 113, 421, 5, 16307048),
(2666, 101, 388, 5, 16307048),
(2667, 115, 427, 5, 16307048),
(2668, 111, 417, 5, 16307048),
(2669, 99, 380, 5, 16307048),
(2670, 102, 390, 5, 16307048),
(2671, 108, 408, 5, 16307048),
(2672, 109, 411, 5, 16307048),
(2673, 104, 396, 5, 16307048),
(2674, 112, 419, 5, 16307048),
(2675, 103, 393, 5, 16307003),
(2676, 109, 411, 5, 16307003),
(2677, 116, 430, 5, 16307003),
(2678, 111, 417, 5, 16307003),
(2679, 115, 427, 5, 16307003),
(2680, 107, 405, 5, 16307003),
(2681, 98, 376, 5, 16307003),
(2682, 106, 402, 5, 16307003),
(2683, 113, 421, 5, 16307003),
(2684, 105, 399, 5, 16307003),
(2685, 117, 433, 5, 16307056),
(2686, 111, 417, 5, 16307056),
(2687, 116, 430, 5, 16307056),
(2688, 108, 410, 5, 16307056),
(2689, 113, 421, 5, 16307056),
(2690, 107, 405, 5, 16307056),
(2691, 110, 414, 5, 16307056),
(2692, 101, 387, 5, 16307056),
(2693, 103, 395, 5, 16307056),
(2694, 100, 385, 5, 16307056),
(2695, 116, 430, 5, 16307007),
(2696, 111, 417, 5, 16307007),
(2697, 101, 389, 5, 16307007),
(2698, 98, 376, 5, 16307007),
(2699, 112, 419, 5, 16307007),
(2700, 110, 414, 5, 16307007),
(2701, 106, 402, 5, 16307007),
(2702, 103, 393, 5, 16307007),
(2703, 108, 408, 5, 16307007),
(2704, 114, 423, 5, 16307007),
(2705, 108, 408, 5, 16307060),
(2706, 102, 390, 5, 16307060),
(2707, 107, 405, 5, 16307060),
(2708, 111, 417, 5, 16307060),
(2709, 104, 396, 5, 16307060),
(2710, 106, 402, 5, 16307060),
(2711, 115, 427, 5, 16307060),
(2712, 116, 430, 5, 16307060),
(2713, 99, 381, 5, 16307060),
(2714, 103, 393, 5, 16307060),
(2715, 117, 433, 5, 16307043),
(2716, 104, 397, 5, 16307043),
(2717, 114, 425, 5, 16307043),
(2718, 116, 430, 5, 16307043),
(2719, 115, 429, 5, 16307043),
(2720, 106, 402, 5, 16307043),
(2721, 109, 411, 5, 16307043),
(2722, 113, 421, 5, 16307043),
(2723, 112, 419, 5, 16307043),
(2724, 110, 414, 5, 16307043),
(2725, 119, 440, 5, 16307192),
(2726, 113, 421, 5, 16307192),
(2727, 103, 393, 5, 16307192),
(2728, 116, 431, 5, 16307192),
(2729, 105, 400, 5, 16307192),
(2730, 119, 442, 5, 16307014),
(2731, 104, 396, 5, 16307014),
(2732, 113, 422, 5, 16307014),
(2733, 117, 433, 5, 16307014),
(2734, 103, 393, 5, 16307014),
(2735, 110, 415, 5, 16307018),
(2736, 100, 384, 5, 16307018),
(2737, 119, 440, 5, 16307018),
(2738, 101, 387, 5, 16307018),
(2739, 112, 420, 5, 16307018),
(2740, 119, 442, 5, 16307178),
(2741, 110, 415, 5, 16307178),
(2742, 107, 405, 5, 16307178),
(2743, 106, 403, 5, 16307178),
(2744, 107, 407, 5, 16307071),
(2745, 112, 419, 5, 16307071),
(2746, 108, 410, 5, 16307071),
(2747, 103, 393, 5, 16307071),
(2748, 100, 384, 5, 16307071),
(2749, 100, 386, 5, 16307022),
(2750, 112, 420, 5, 16307022),
(2751, 110, 414, 5, 16307022),
(2752, 107, 407, 5, 16307022),
(2753, 109, 412, 5, 16307022),
(2754, 102, 391, 5, 16307002),
(2755, 112, 419, 5, 16307002),
(2756, 101, 387, 5, 16307002),
(2757, 114, 423, 5, 16307002),
(2758, 113, 421, 5, 16307002),
(2759, 111, 417, 5, 16307009),
(2760, 99, 380, 5, 16307009),
(2761, 112, 419, 5, 16307009),
(2762, 101, 388, 5, 16307009),
(2763, 118, 437, 5, 16307009),
(2764, 120, 445, 5, 16307055),
(2765, 109, 413, 5, 16307055),
(2766, 106, 403, 5, 16307055),
(2767, 116, 430, 5, 16307055),
(2768, 102, 390, 5, 16307055),
(2769, 98, 379, 5, 16307035),
(2770, 118, 439, 5, 16307035),
(2771, 113, 421, 5, 16307035),
(2772, 104, 396, 5, 16307035),
(2773, 105, 401, 5, 16307035),
(2774, 105, 400, 5, 16307074),
(2775, 115, 427, 5, 16307074),
(2776, 114, 423, 5, 16307074),
(2777, 116, 430, 5, 16307074),
(2778, 98, 378, 5, 16307074),
(2779, 101, 388, 5, 16307025),
(2780, 106, 404, 5, 16307025),
(2781, 116, 431, 5, 16307025),
(2782, 113, 422, 5, 16307025),
(2783, 118, 439, 5, 16307025),
(2784, 108, 410, 5, 16307069),
(2785, 107, 407, 5, 16307069),
(2786, 114, 423, 5, 16307069),
(2787, 98, 376, 5, 16307069),
(2788, 106, 404, 5, 16307069),
(2789, 119, 443, 5, 16307050),
(2790, 103, 393, 5, 16307050),
(2791, 120, 444, 5, 16307050),
(2792, 112, 420, 5, 16307050),
(2793, 101, 388, 5, 16307050),
(2794, 119, 443, 5, 160907066),
(2795, 104, 398, 5, 160907066),
(2796, 113, 422, 5, 160907066),
(2797, 112, 420, 5, 160907066),
(2798, 118, 437, 5, 160907066),
(2799, 102, 390, 5, 16307034),
(2800, 100, 386, 5, 16307034),
(2801, 106, 404, 5, 16307034),
(2802, 114, 425, 5, 16307034),
(2803, 105, 399, 5, 16307034),
(2804, 107, 405, 5, 16307195),
(2805, 116, 430, 5, 16307195),
(2806, 98, 376, 5, 16307195),
(2807, 105, 399, 5, 16307195),
(2808, 113, 421, 5, 16307195),
(2809, 106, 404, 5, 16307033),
(2810, 115, 428, 5, 16307033),
(2811, 105, 399, 5, 16307033),
(2812, 113, 422, 5, 16307033),
(2813, 99, 380, 5, 16307033),
(2814, 120, 446, 5, 16307016),
(2815, 105, 399, 5, 16307016),
(2816, 102, 390, 5, 16307016),
(2817, 113, 421, 5, 16307016),
(2818, 108, 408, 5, 16307016),
(2819, 107, 405, 5, 16307190),
(2820, 116, 430, 5, 16307190),
(2821, 112, 420, 5, 16307190),
(2822, 118, 438, 5, 16307190),
(2823, 103, 395, 5, 16307190),
(2824, 98, 376, 5, 16307079),
(2825, 112, 419, 5, 16307079),
(2826, 105, 399, 5, 16307079),
(2827, 115, 427, 5, 16307079),
(2828, 103, 393, 5, 16307079),
(2829, 103, 395, 5, 16307193),
(2830, 109, 412, 5, 16307193),
(2831, 105, 399, 5, 16307193),
(2832, 102, 390, 5, 16307193),
(2833, 108, 410, 5, 16307193),
(2834, 99, 380, 5, 16307015),
(2835, 108, 410, 5, 16307015),
(2836, 109, 413, 5, 16307015),
(2837, 105, 399, 5, 16307015),
(2838, 118, 437, 5, 16307015),
(2839, 110, 416, 5, 16307021),
(2840, 109, 411, 5, 16307021),
(2841, 115, 428, 5, 16307021),
(2842, 119, 442, 5, 16307021),
(2843, 118, 437, 5, 16307021),
(2844, 103, 393, 5, 16307044),
(2845, 99, 381, 5, 16307044),
(2846, 102, 390, 5, 16307044),
(2847, 111, 417, 5, 16307044),
(2848, 107, 405, 5, 16307044),
(2849, 108, 408, 5, 16307075),
(2850, 120, 446, 5, 16307075),
(2851, 113, 421, 5, 16307075),
(2852, 117, 433, 5, 16307075),
(2853, 116, 430, 5, 16307075),
(2854, 116, 430, 5, 16307006),
(2855, 104, 398, 5, 16307006),
(2856, 111, 417, 5, 16307006),
(2857, 117, 433, 5, 16307006),
(2858, 110, 415, 5, 16307006),
(2859, 110, 415, 5, 16307196),
(2860, 99, 380, 5, 16307196),
(2861, 103, 394, 5, 16307196),
(2862, 109, 412, 5, 16307196),
(2863, 105, 400, 5, 16307196),
(2864, 114, 423, 5, 16307066),
(2865, 109, 411, 5, 16307066),
(2866, 106, 402, 5, 16307066),
(2867, 98, 376, 5, 16307066),
(2868, 116, 430, 5, 16307066),
(2869, 105, 399, 5, 2013),
(2870, 120, 444, 5, 2013),
(2871, 100, 386, 5, 2013),
(2872, 116, 430, 5, 2013),
(2873, 104, 396, 5, 2013),
(2874, 111, 417, 5, 16307008),
(2875, 103, 393, 5, 16307008),
(2876, 110, 414, 5, 16307008),
(2877, 120, 444, 5, 16307008),
(2878, 116, 430, 5, 16307008),
(2879, 107, 405, 5, 16307008),
(2880, 114, 423, 5, 16307008),
(2881, 102, 390, 5, 16307008),
(2882, 98, 376, 5, 16307008),
(2883, 108, 408, 5, 16307008),
(2884, 119, 440, 5, 16307001),
(2885, 120, 444, 5, 16307001),
(2886, 98, 376, 5, 16307001),
(2887, 105, 399, 5, 16307001),
(2888, 115, 429, 5, 16307001),
(2889, 108, 408, 5, 16307062),
(2890, 113, 421, 5, 16307062),
(2891, 101, 387, 5, 16307062),
(2892, 120, 444, 5, 16307062),
(2893, 107, 405, 5, 16307062),
(2894, 105, 399, 5, 16307062),
(2895, 114, 423, 5, 16307062),
(2896, 116, 430, 5, 16307062),
(2897, 118, 437, 5, 16307062),
(2898, 102, 390, 5, 16307062),
(2899, 111, 417, 5, 16307064),
(2900, 107, 405, 5, 16307064),
(2901, 117, 433, 5, 16307064),
(2902, 105, 399, 5, 16307064),
(2903, 99, 380, 5, 16307064),
(2904, 108, 408, 5, 16307064),
(2905, 118, 438, 5, 16307064),
(2906, 112, 419, 5, 16307064),
(2907, 113, 421, 5, 16307064),
(2908, 109, 411, 5, 16307064),
(2909, 120, 445, 5, 15307080),
(2910, 106, 404, 5, 15307080),
(2911, 119, 443, 5, 15307080),
(2912, 100, 384, 5, 15307080),
(2913, 105, 399, 5, 15307080),
(2914, 107, 407, 5, 15307080),
(2915, 116, 430, 5, 15307080),
(2916, 117, 433, 5, 15307080),
(2917, 104, 396, 5, 15307080),
(2918, 113, 421, 5, 15307080),
(2919, 107, 405, 5, 16307020),
(2920, 119, 440, 5, 16307020),
(2921, 111, 417, 5, 16307020),
(2922, 115, 427, 5, 16307020),
(2923, 113, 421, 5, 16307020),
(2924, 109, 411, 5, 16307020),
(2925, 108, 408, 5, 16307020),
(2926, 116, 430, 5, 16307020),
(2927, 112, 419, 5, 16307020),
(2928, 103, 393, 5, 16307020),
(2929, 104, 396, 5, 16307005),
(2930, 116, 430, 5, 16307005),
(2931, 117, 433, 5, 16307005),
(2932, 99, 380, 5, 16307005),
(2933, 102, 390, 5, 16307005),
(2934, 114, 423, 5, 16307005),
(2935, 110, 415, 5, 16307005),
(2936, 105, 399, 5, 16307005),
(2937, 106, 402, 5, 16307005),
(2938, 101, 387, 5, 16307005),
(2939, 120, 446, 5, 14307052),
(2940, 116, 431, 5, 14307052),
(2941, 102, 390, 5, 14307052),
(2942, 99, 380, 5, 14307052),
(2943, 100, 384, 5, 14307052),
(2944, 115, 427, 5, 14307052),
(2945, 117, 433, 5, 14307052),
(2946, 101, 387, 5, 14307052),
(2947, 108, 408, 5, 14307052),
(2948, 110, 414, 5, 14307052),
(2949, 125, 461, 6, 17307019),
(2950, 136, 510, 6, 17307019),
(2951, 123, 452, 6, 17307019),
(2952, 121, 447, 6, 17307019),
(2953, 129, 475, 6, 17307019),
(2954, 127, 466, 6, 17307023),
(2955, 133, 494, 6, 17307023),
(2956, 135, 506, 6, 17307023),
(2957, 126, 463, 6, 17307023),
(2958, 134, 500, 6, 17307023),
(2959, 133, 494, 6, 17307026),
(2960, 125, 460, 6, 17307026),
(2961, 132, 493, 6, 17307026),
(2962, 123, 452, 6, 17307026),
(2963, 135, 506, 6, 17307026),
(2964, 131, 484, 6, 17307004),
(2965, 137, 515, 6, 17307004),
(2966, 134, 500, 6, 17307004),
(2967, 138, 519, 6, 17307004),
(2968, 136, 510, 6, 17307004),
(2969, 135, 506, 6, 17307039),
(2970, 124, 455, 6, 17307039),
(2971, 138, 519, 6, 17307039),
(2972, 131, 484, 6, 17307039),
(2973, 128, 471, 6, 17307039),
(2974, 126, 462, 6, 17307005),
(2975, 129, 474, 6, 17307005),
(2976, 128, 473, 6, 17307005),
(2977, 123, 452, 6, 17307005),
(2978, 132, 490, 6, 17307005),
(2979, 128, 473, 6, 17307050),
(2980, 126, 464, 6, 17307050),
(2981, 138, 521, 6, 17307050),
(2982, 125, 460, 6, 17307050),
(2983, 124, 456, 6, 17307050),
(2984, 125, 460, 6, 17307059),
(2985, 133, 494, 6, 17307059),
(2986, 134, 500, 6, 17307059),
(2987, 132, 490, 6, 17307059),
(2988, 135, 504, 6, 17307059),
(2989, 124, 455, 6, 17307024),
(2990, 122, 451, 6, 17307024),
(2991, 126, 463, 6, 17307024),
(2992, 138, 519, 6, 17307024),
(2993, 132, 490, 6, 17307024),
(2994, 138, 520, 6, 17307029),
(2995, 122, 449, 6, 17307029),
(2996, 127, 466, 6, 17307029),
(2997, 124, 456, 6, 17307029),
(2998, 125, 460, 6, 17307029),
(2999, 134, 503, 6, 17307016),
(3000, 122, 449, 6, 17307016),
(3001, 125, 460, 6, 17307016),
(3002, 138, 519, 6, 17307016),
(3003, 132, 490, 6, 17307016),
(3004, 137, 514, 6, 17307027),
(3005, 132, 490, 6, 17307027),
(3006, 138, 519, 6, 17307027),
(3007, 124, 456, 6, 17307027),
(3008, 121, 447, 6, 17307027),
(3009, 124, 455, 6, 17307010),
(3010, 135, 506, 6, 17307010),
(3011, 123, 453, 6, 17307010),
(3012, 129, 477, 6, 17307010),
(3013, 121, 447, 6, 17307010),
(3014, 130, 479, 6, 17307033),
(3015, 123, 452, 6, 17307033),
(3016, 128, 470, 6, 17307033),
(3017, 137, 513, 6, 17307033),
(3018, 125, 460, 6, 17307033),
(3019, 128, 470, 6, 17307015),
(3020, 133, 495, 6, 17307015),
(3021, 132, 491, 6, 17307015),
(3022, 126, 462, 6, 17307015),
(3023, 136, 509, 6, 17307015),
(3024, 127, 466, 6, 17307057),
(3025, 125, 460, 6, 17307057),
(3026, 138, 519, 6, 17307057),
(3027, 134, 500, 6, 17307057),
(3028, 131, 484, 6, 17307057),
(3029, 128, 471, 6, 17307045),
(3030, 126, 463, 6, 17307045),
(3031, 125, 460, 6, 17307045),
(3032, 136, 508, 6, 17307045),
(3033, 130, 482, 6, 17307045),
(3039, 121, 447, 6, 17307021),
(3040, 130, 479, 6, 17307021),
(3041, 137, 515, 6, 17307021),
(3042, 123, 453, 6, 17307021),
(3043, 124, 455, 6, 17307021),
(3044, 125, 458, 6, 17307003),
(3045, 132, 489, 6, 17307003),
(3046, 122, 450, 6, 17307003),
(3047, 133, 494, 6, 17307003),
(3048, 135, 505, 6, 17307003),
(3049, 127, 466, 6, 17307020),
(3050, 130, 479, 6, 17307020),
(3051, 134, 500, 6, 17307020),
(3052, 131, 488, 6, 17307020),
(3053, 136, 510, 6, 17307020),
(3054, 135, 506, 6, 17307013),
(3055, 125, 459, 6, 17307013),
(3056, 124, 455, 6, 17307013),
(3057, 127, 467, 6, 17307013),
(3058, 133, 494, 6, 17307013),
(3059, 134, 499, 6, 17307056),
(3060, 126, 465, 6, 17307056),
(3061, 137, 515, 6, 17307056),
(3062, 121, 447, 6, 17307056),
(3063, 133, 498, 6, 17307056),
(3064, 132, 490, 6, 17307063),
(3065, 123, 452, 6, 17307063),
(3066, 121, 447, 6, 17307063),
(3067, 126, 465, 6, 17307063),
(3068, 128, 472, 6, 17307063),
(3069, 127, 466, 6, 17307049),
(3070, 130, 483, 6, 17307049),
(3071, 131, 487, 6, 17307049),
(3072, 135, 504, 6, 17307049),
(3073, 136, 511, 6, 17307049),
(3074, 121, 447, 6, 17307007),
(3075, 122, 450, 6, 17307007),
(3076, 129, 477, 6, 17307007),
(3077, 131, 485, 6, 17307007),
(3078, 136, 510, 6, 17307007),
(3079, 123, 453, 6, 17307051),
(3080, 131, 484, 6, 17307051),
(3081, 133, 494, 6, 17307051),
(3082, 125, 460, 6, 17307051),
(3083, 128, 471, 6, 17307051),
(3084, 127, 466, 6, 17307038),
(3085, 134, 500, 6, 17307038),
(3086, 125, 460, 6, 17307038),
(3087, 124, 456, 6, 17307038),
(3088, 132, 490, 6, 17307038),
(3089, 134, 500, 6, 17307018),
(3090, 131, 487, 6, 17307018),
(3091, 127, 466, 6, 17307018),
(3092, 133, 494, 6, 17307018),
(3093, 130, 479, 6, 17307018),
(3094, 127, 466, 6, 17307048),
(3095, 130, 479, 6, 17307048),
(3096, 123, 452, 6, 17307048),
(3097, 134, 500, 6, 17307048),
(3098, 124, 455, 6, 17307048),
(3099, 130, 479, 6, 17307058),
(3100, 134, 500, 6, 17307058),
(3101, 128, 473, 6, 17307058),
(3102, 121, 447, 6, 17307058),
(3103, 123, 452, 6, 17307058),
(3104, 130, 479, 6, 1),
(3105, 123, 453, 6, 1),
(3106, 136, 510, 6, 1),
(3107, 133, 496, 6, 1),
(3108, 135, 504, 6, 1),
(3109, 130, 479, 6, 17307008),
(3110, 134, 500, 6, 17307008),
(3111, 136, 508, 6, 17307008),
(3112, 122, 450, 6, 17307008),
(3113, 133, 496, 6, 17307008),
(3114, 121, 447, 6, 70307030),
(3115, 122, 449, 6, 70307030),
(3116, 136, 510, 6, 70307030),
(3117, 138, 518, 6, 70307030),
(3118, 126, 462, 6, 70307030),
(3119, 123, 452, 6, 17307064),
(3120, 122, 449, 6, 17307064),
(3121, 128, 471, 6, 17307064),
(3122, 121, 447, 6, 17307064),
(3123, 127, 466, 6, 17307064),
(3124, 122, 449, 6, 17307025),
(3125, 127, 466, 6, 17307025),
(3126, 126, 463, 6, 17307025),
(3127, 129, 474, 6, 17307025),
(3128, 123, 453, 6, 17307025),
(3129, 126, 464, 6, 17307037),
(3130, 125, 458, 6, 17307037),
(3131, 137, 513, 6, 17307037),
(3132, 132, 490, 6, 17307037),
(3133, 122, 449, 6, 17307037),
(3134, 124, 456, 6, 17307014),
(3135, 128, 472, 6, 17307014),
(3136, 123, 453, 6, 17307014),
(3137, 132, 490, 6, 17307014),
(3138, 126, 463, 6, 17307014),
(3139, 129, 474, 6, 17307002),
(3140, 131, 484, 6, 17307002),
(3141, 122, 450, 6, 17307002),
(3142, 132, 493, 6, 17307002),
(3143, 126, 463, 6, 17307002),
(3144, 137, 516, 6, 17307042),
(3145, 132, 491, 6, 17307042),
(3146, 129, 478, 6, 17307042),
(3147, 128, 470, 6, 17307042),
(3148, 127, 466, 6, 17307042),
(3149, 135, 506, 6, 17307001),
(3150, 121, 447, 6, 17307001),
(3151, 134, 500, 6, 17307001),
(3152, 125, 458, 6, 17307001),
(3153, 126, 464, 6, 17307001),
(3154, 136, 509, 6, 17307032),
(3155, 122, 450, 6, 17307032),
(3156, 129, 474, 6, 17307032),
(3157, 123, 452, 6, 17307032),
(3158, 134, 500, 6, 17307032),
(3159, 136, 508, 6, 17307041),
(3160, 126, 462, 6, 17307041),
(3161, 122, 449, 6, 17307041),
(3162, 135, 506, 6, 17307041),
(3163, 121, 447, 6, 17307041),
(3164, 127, 466, 6, 17307044),
(3165, 137, 515, 6, 17307044),
(3166, 125, 458, 6, 17307044),
(3167, 128, 471, 6, 17307044),
(3168, 131, 485, 6, 17307044),
(3169, 125, 460, 6, 17307009),
(3170, 132, 493, 6, 17307009),
(3171, 135, 506, 6, 17307009),
(3172, 138, 519, 6, 17307009),
(3173, 131, 484, 6, 17307009),
(3174, 131, 484, 6, 17307017),
(3175, 136, 510, 6, 17307017),
(3176, 124, 455, 6, 17307017),
(3177, 121, 447, 6, 17307017),
(3178, 130, 479, 6, 17307017),
(3179, 134, 499, 6, 17307011),
(3180, 129, 476, 6, 17307011),
(3181, 122, 449, 6, 17307011),
(3182, 126, 464, 6, 17307011),
(3183, 136, 510, 6, 17307011),
(3184, 134, 500, 6, 17307055),
(3185, 128, 471, 6, 17307055),
(3186, 127, 467, 6, 17307055),
(3187, 130, 482, 6, 17307055),
(3188, 132, 492, 6, 17307055),
(3189, 129, 476, 6, 17307036),
(3190, 137, 514, 6, 17307036),
(3191, 122, 451, 6, 17307036),
(3192, 138, 519, 6, 17307036),
(3193, 123, 454, 6, 17307036),
(3199, 123, 452, 6, 17307065),
(3200, 134, 500, 6, 17307065),
(3201, 124, 456, 6, 17307065),
(3202, 125, 460, 6, 17307065),
(3203, 129, 474, 6, 17307065),
(3204, 121, 447, 6, 17307006),
(3205, 132, 490, 6, 17307006),
(3206, 131, 484, 6, 17307006),
(3207, 133, 494, 6, 17307006),
(3208, 137, 515, 6, 17307006),
(3220, 174, 623, 7, 17307017),
(3221, 165, 601, 7, 17307017),
(3222, 147, 555, 7, 17307017),
(3223, 154, 569, 7, 17307017),
(3224, 161, 583, 7, 17307017),
(3225, 139, 522, 7, 17307017),
(3226, 141, 534, 7, 17307017),
(3227, 164, 598, 7, 17307017),
(3228, 143, 539, 7, 17307017),
(3229, 172, 617, 7, 17307017),
(3230, 148, 557, 7, 17307042),
(3231, 173, 620, 7, 17307042),
(3232, 157, 576, 7, 17307042),
(3233, 142, 535, 7, 17307042),
(3234, 144, 544, 7, 17307042),
(3235, 169, 608, 7, 17307042),
(3236, 149, 559, 7, 17307042),
(3237, 172, 618, 7, 17307042),
(3238, 141, 533, 7, 17307042),
(3239, 154, 569, 7, 17307042),
(3240, 171, 614, 7, 17307006),
(3241, 175, 626, 7, 17307006),
(3242, 159, 579, 7, 17307006),
(3243, 153, 567, 7, 17307006),
(3244, 161, 584, 7, 17307006),
(3245, 162, 589, 7, 17307006),
(3246, 165, 600, 7, 17307006),
(3247, 146, 553, 7, 17307006),
(3248, 167, 605, 7, 17307006),
(3249, 145, 549, 7, 17307006),
(3250, 155, 571, 7, 17307014),
(3251, 174, 623, 7, 17307014),
(3252, 158, 577, 7, 17307014),
(3253, 156, 573, 7, 17307014),
(3254, 141, 532, 7, 17307014),
(3255, 166, 602, 7, 17307014),
(3256, 177, 631, 7, 17307014),
(3257, 170, 613, 7, 17307014),
(3258, 144, 544, 7, 17307014),
(3259, 163, 593, 7, 17307014),
(3260, 152, 566, 7, 17307002),
(3261, 148, 556, 7, 17307002),
(3262, 175, 627, 7, 17307002),
(3263, 161, 583, 7, 17307002),
(3264, 142, 537, 7, 17307002),
(3265, 164, 596, 7, 17307002),
(3266, 146, 552, 7, 17307002),
(3267, 147, 555, 7, 17307002),
(3268, 157, 576, 7, 17307002),
(3269, 150, 562, 7, 17307002),
(3270, 163, 591, 7, 17307044),
(3271, 166, 602, 7, 17307044),
(3272, 164, 599, 7, 17307044),
(3273, 172, 618, 7, 17307044),
(3274, 153, 567, 7, 17307044),
(3275, 152, 566, 7, 17307044),
(3276, 145, 549, 7, 17307044),
(3277, 167, 604, 7, 17307044),
(3278, 148, 556, 7, 17307044),
(3279, 151, 563, 7, 17307044),
(3280, 143, 539, 7, 17307001),
(3281, 172, 618, 7, 17307001),
(3282, 141, 532, 7, 17307001),
(3283, 148, 556, 7, 17307001),
(3284, 163, 590, 7, 17307001),
(3285, 167, 604, 7, 17307001),
(3286, 162, 588, 7, 17307001),
(3287, 158, 578, 7, 17307001),
(3288, 175, 626, 7, 17307001),
(3289, 157, 575, 7, 17307001),
(3290, 173, 621, 7, 17307037),
(3291, 159, 579, 7, 17307037),
(3292, 154, 569, 7, 17307037),
(3293, 170, 611, 7, 17307037),
(3294, 160, 582, 7, 17307037),
(3295, 151, 563, 7, 17307037),
(3296, 162, 588, 7, 17307037),
(3297, 152, 566, 7, 17307037),
(3298, 165, 601, 7, 17307037),
(3299, 140, 527, 7, 17307037),
(3300, 170, 611, 7, 17307009),
(3301, 146, 552, 7, 17307009),
(3302, 157, 576, 7, 17307009),
(3303, 171, 614, 7, 17307009),
(3304, 145, 550, 7, 17307009),
(3305, 159, 579, 7, 17307009),
(3306, 141, 532, 7, 17307009),
(3307, 162, 588, 7, 17307009),
(3308, 150, 562, 7, 17307009),
(3309, 156, 574, 7, 17307009),
(3310, 149, 560, 7, 17307032),
(3311, 165, 601, 7, 17307032),
(3312, 162, 588, 7, 17307032),
(3313, 171, 615, 7, 17307032),
(3314, 147, 555, 7, 17307032),
(3315, 143, 539, 7, 17307032),
(3316, 175, 626, 7, 17307032),
(3317, 158, 577, 7, 17307032),
(3318, 145, 550, 7, 17307032),
(3319, 157, 575, 7, 17307032),
(3320, 140, 527, 7, 17307011),
(3321, 175, 626, 7, 17307011),
(3322, 145, 550, 7, 17307011),
(3323, 139, 522, 7, 17307011),
(3324, 147, 554, 7, 17307011),
(3325, 169, 608, 7, 17307011),
(3326, 158, 577, 7, 17307011),
(3327, 149, 560, 7, 17307011),
(3328, 170, 611, 7, 17307011),
(3329, 171, 614, 7, 17307011),
(3330, 162, 588, 7, 17307055),
(3331, 160, 582, 7, 17307055),
(3332, 144, 544, 7, 17307055),
(3333, 150, 562, 7, 17307055),
(3334, 153, 568, 7, 17307055),
(3335, 155, 572, 7, 17307055),
(3336, 173, 621, 7, 17307055),
(3337, 156, 573, 7, 17307055),
(3338, 145, 550, 7, 17307055),
(3339, 164, 598, 7, 17307041),
(3340, 173, 621, 7, 17307041),
(3341, 139, 522, 7, 17307041),
(3342, 144, 544, 7, 17307041),
(3343, 175, 626, 7, 17307041),
(3344, 167, 605, 7, 17307041),
(3345, 159, 580, 7, 17307041),
(3346, 156, 573, 7, 17307041),
(3347, 149, 558, 7, 17307041),
(3348, 146, 552, 7, 17307041),
(3349, 150, 562, 7, 17307048),
(3350, 162, 588, 7, 17307048),
(3351, 152, 566, 7, 17307048),
(3352, 151, 564, 7, 17307048),
(3353, 167, 605, 7, 17307048),
(3354, 172, 617, 7, 17307048),
(3355, 164, 598, 7, 17307048),
(3356, 143, 540, 7, 17307048),
(3357, 159, 580, 7, 17307048),
(3358, 166, 602, 7, 17307048),
(3359, 167, 604, 7, 17307049),
(3360, 158, 578, 7, 17307049),
(3361, 177, 631, 7, 17307049),
(3362, 147, 554, 7, 17307049),
(3363, 149, 560, 7, 17307049),
(3364, 165, 601, 7, 17307049),
(3365, 160, 582, 7, 17307049),
(3366, 143, 540, 7, 17307049),
(3367, 154, 569, 7, 17307049),
(3368, 141, 532, 7, 17307049),
(3369, 149, 560, 7, 17307013),
(3370, 169, 608, 7, 17307013),
(3371, 175, 626, 7, 17307013),
(3372, 172, 617, 7, 17307013),
(3373, 156, 574, 7, 17307013),
(3374, 164, 598, 7, 17307013),
(3375, 148, 556, 7, 17307013),
(3376, 139, 524, 7, 17307013),
(3377, 146, 552, 7, 17307013),
(3378, 168, 606, 7, 17307013),
(3379, 175, 627, 7, 17307031),
(3380, 142, 535, 7, 17307031),
(3381, 159, 580, 7, 17307031),
(3382, 164, 598, 7, 17307031),
(3383, 173, 621, 7, 17307031),
(3384, 161, 584, 7, 17307031),
(3385, 146, 552, 7, 17307031),
(3386, 177, 632, 7, 17307031),
(3387, 163, 590, 7, 17307031),
(3388, 168, 606, 7, 17307031),
(3389, 159, 580, 7, 17307003),
(3390, 162, 588, 7, 17307003),
(3391, 152, 566, 7, 17307003),
(3392, 172, 617, 7, 17307003),
(3393, 153, 567, 7, 17307003),
(3394, 160, 582, 7, 17307003),
(3395, 143, 540, 7, 17307003),
(3396, 142, 538, 7, 17307003),
(3397, 173, 620, 7, 17307003),
(3398, 176, 629, 7, 17307003),
(3399, 171, 614, 7, 17307020),
(3400, 164, 598, 7, 17307020),
(3401, 166, 602, 7, 17307020),
(3402, 140, 527, 7, 17307020),
(3403, 150, 562, 7, 17307020),
(3404, 174, 623, 7, 17307020),
(3405, 169, 608, 7, 17307020),
(3406, 148, 556, 7, 17307020),
(3407, 155, 571, 7, 17307020),
(3408, 172, 618, 7, 17307020),
(3409, 146, 552, 7, 17307007),
(3410, 144, 544, 7, 17307007),
(3411, 177, 631, 7, 17307007),
(3412, 152, 566, 7, 17307007),
(3413, 147, 554, 7, 17307007),
(3414, 150, 562, 7, 17307007),
(3415, 174, 623, 7, 17307007),
(3416, 169, 608, 7, 17307007),
(3417, 151, 563, 7, 17307007),
(3418, 148, 557, 7, 17307007),
(3419, 160, 582, 7, 17307058),
(3420, 174, 623, 7, 17307058),
(3421, 148, 556, 7, 17307058),
(3422, 149, 560, 7, 17307058),
(3423, 177, 632, 7, 17307058),
(3424, 167, 605, 7, 17307058),
(3425, 168, 606, 7, 17307058),
(3426, 155, 572, 7, 17307058),
(3427, 176, 629, 7, 17307058),
(3428, 171, 615, 7, 17307058),
(3429, 146, 552, 7, 17307051),
(3430, 171, 615, 7, 17307051),
(3431, 145, 550, 7, 17307051),
(3432, 175, 627, 7, 17307051),
(3433, 154, 569, 7, 17307051),
(3434, 169, 608, 7, 17307051),
(3435, 177, 632, 7, 17307051),
(3436, 149, 560, 7, 17307051),
(3437, 151, 563, 7, 17307051),
(3438, 158, 577, 7, 17307051),
(3439, 151, 563, 7, 17307021),
(3440, 168, 607, 7, 17307021),
(3441, 158, 578, 7, 17307021),
(3442, 176, 629, 7, 17307021),
(3443, 160, 582, 7, 17307021),
(3444, 155, 571, 7, 17307021),
(3445, 139, 522, 7, 17307021),
(3446, 147, 555, 7, 17307021),
(3447, 172, 618, 7, 17307021),
(3448, 173, 621, 7, 17307021),
(3449, 170, 611, 7, 17307018),
(3450, 176, 629, 7, 17307018),
(3451, 174, 623, 7, 17307018),
(3452, 158, 578, 7, 17307018),
(3453, 146, 552, 7, 17307018),
(3454, 175, 627, 7, 17307018),
(3455, 159, 580, 7, 17307018),
(3456, 168, 607, 7, 17307018),
(3457, 157, 575, 7, 17307018),
(3458, 149, 560, 7, 17307018),
(3459, 174, 623, 7, 17307065),
(3460, 146, 552, 7, 17307065),
(3461, 157, 575, 7, 17307065),
(3462, 161, 583, 7, 17307065),
(3463, 158, 577, 7, 17307065),
(3464, 167, 605, 7, 17307065),
(3465, 163, 590, 7, 17307065),
(3466, 175, 626, 7, 17307065),
(3467, 173, 621, 7, 17307065),
(3468, 148, 556, 7, 17307065),
(3469, 141, 531, 7, 17307038),
(3470, 151, 563, 7, 17307038),
(3471, 144, 544, 7, 17307038),
(3472, 161, 584, 7, 17307038),
(3473, 168, 607, 7, 17307038),
(3474, 139, 522, 7, 17307038),
(3475, 177, 631, 7, 17307038),
(3476, 143, 543, 7, 17307038),
(3477, 149, 560, 7, 17307038),
(3478, 171, 615, 7, 17307038),
(3479, 170, 611, 7, 17307036),
(3480, 177, 632, 7, 17307036),
(3481, 164, 597, 7, 17307036),
(3482, 156, 574, 7, 17307036),
(3483, 166, 602, 7, 17307036),
(3484, 169, 608, 7, 17307036),
(3485, 167, 604, 7, 17307036),
(3486, 149, 560, 7, 17307036),
(3487, 165, 601, 7, 17307036),
(3488, 173, 620, 7, 17307036),
(3489, 164, 596, 7, 17307056),
(3490, 145, 550, 7, 17307056),
(3491, 148, 556, 7, 17307056),
(3492, 171, 615, 7, 17307056),
(3493, 146, 552, 7, 17307056),
(3494, 170, 611, 7, 17307056),
(3495, 157, 575, 7, 17307056),
(3496, 142, 535, 7, 17307056),
(3497, 176, 629, 7, 17307056),
(3498, 153, 567, 7, 17307056),
(3499, 169, 608, 7, 17307026),
(3500, 144, 544, 7, 17307026),
(3501, 164, 598, 7, 17307026),
(3502, 160, 582, 7, 17307026),
(3503, 174, 623, 7, 17307026),
(3504, 158, 577, 7, 17307026),
(3505, 150, 562, 7, 17307026),
(3506, 162, 588, 7, 17307026),
(3507, 153, 567, 7, 17307026),
(3508, 140, 527, 7, 17307026),
(3509, 145, 550, 7, 17307023),
(3510, 159, 579, 7, 17307023),
(3511, 140, 527, 7, 17307023),
(3512, 147, 555, 7, 17307023),
(3513, 155, 571, 7, 17307023),
(3514, 148, 556, 7, 17307023),
(3515, 158, 577, 7, 17307023),
(3516, 165, 601, 7, 17307023),
(3517, 143, 539, 7, 17307023),
(3518, 168, 606, 7, 17307023),
(3519, 154, 569, 7, 17307019),
(3520, 172, 617, 7, 17307019),
(3521, 153, 568, 7, 17307019),
(3522, 167, 605, 7, 17307019),
(3523, 163, 590, 7, 17307019),
(3524, 147, 554, 7, 17307019),
(3525, 140, 527, 7, 17307019),
(3526, 152, 566, 7, 17307019),
(3527, 144, 544, 7, 17307019),
(3528, 159, 580, 7, 17307019),
(3529, 154, 569, 7, 17307039),
(3530, 143, 539, 7, 17307039),
(3531, 175, 626, 7, 17307039),
(3532, 151, 563, 7, 17307039),
(3533, 167, 604, 7, 17307039),
(3534, 158, 577, 7, 17307039),
(3535, 159, 579, 7, 17307039),
(3536, 163, 590, 7, 17307039),
(3537, 176, 629, 7, 17307039),
(3538, 147, 555, 7, 17307039),
(3539, 173, 620, 7, 17307059),
(3540, 144, 544, 7, 17307059),
(3541, 152, 566, 7, 17307059),
(3542, 139, 525, 7, 17307059),
(3543, 156, 573, 7, 17307059),
(3544, 147, 554, 7, 17307059),
(3545, 154, 569, 7, 17307059),
(3546, 159, 579, 7, 17307059),
(3547, 155, 572, 7, 17307059),
(3548, 146, 552, 7, 17307059),
(3549, 170, 612, 7, 17307050),
(3550, 177, 632, 7, 17307050),
(3551, 142, 538, 7, 17307050),
(3552, 139, 525, 7, 17307050),
(3553, 174, 623, 7, 17307050),
(3554, 153, 568, 7, 17307050),
(3555, 148, 557, 7, 17307050),
(3556, 155, 571, 7, 17307050),
(3557, 169, 608, 7, 17307050),
(3558, 145, 550, 7, 17307050),
(3559, 166, 602, 7, 17307005),
(3560, 144, 544, 7, 17307005),
(3561, 171, 615, 7, 17307005),
(3562, 157, 576, 7, 17307005),
(3563, 145, 550, 7, 17307005),
(3564, 147, 555, 7, 17307005),
(3565, 173, 621, 7, 17307005),
(3566, 149, 560, 7, 17307005),
(3567, 155, 571, 7, 17307005),
(3568, 174, 623, 7, 17307005),
(3569, 170, 611, 7, 17307015),
(3570, 139, 522, 7, 17307015),
(3571, 165, 600, 7, 17307015),
(3572, 174, 623, 7, 17307015),
(3573, 157, 575, 7, 17307015),
(3574, 163, 591, 7, 17307015),
(3575, 167, 605, 7, 17307015),
(3576, 173, 620, 7, 17307015),
(3577, 158, 577, 7, 17307015),
(3578, 169, 608, 7, 17307015),
(3579, 145, 550, 7, 17307004),
(3580, 171, 615, 7, 17307004),
(3581, 160, 582, 7, 17307004),
(3582, 154, 569, 7, 17307004),
(3583, 177, 631, 7, 17307004),
(3584, 141, 534, 7, 17307004),
(3585, 151, 563, 7, 17307004),
(3586, 159, 580, 7, 17307004),
(3587, 173, 620, 7, 17307004),
(3588, 176, 629, 7, 17307004),
(3589, 177, 632, 7, 17307010),
(3590, 167, 604, 7, 17307010),
(3591, 158, 577, 7, 17307010),
(3592, 152, 566, 7, 17307010),
(3593, 150, 562, 7, 17307010),
(3594, 142, 535, 7, 17307010),
(3595, 147, 555, 7, 17307010),
(3596, 174, 623, 7, 17307010),
(3597, 160, 582, 7, 17307010),
(3598, 173, 621, 7, 17307010),
(3599, 167, 604, 7, 17307024),
(3600, 155, 571, 7, 17307024),
(3601, 165, 601, 7, 17307024),
(3602, 160, 582, 7, 17307024),
(3603, 144, 544, 7, 17307024),
(3604, 161, 583, 7, 17307024),
(3605, 166, 602, 7, 17307024),
(3606, 152, 566, 7, 17307024),
(3607, 176, 629, 7, 17307024),
(3608, 156, 573, 7, 17307024),
(3609, 163, 590, 7, 17307016),
(3610, 142, 535, 7, 17307016),
(3611, 147, 555, 7, 17307016),
(3612, 148, 556, 7, 17307016),
(3613, 161, 584, 7, 17307016),
(3614, 149, 560, 7, 17307016),
(3615, 170, 613, 7, 17307016),
(3616, 160, 582, 7, 17307016),
(3617, 159, 579, 7, 17307016),
(3618, 141, 533, 7, 17307016),
(3619, 166, 602, 7, 17307057),
(3620, 164, 598, 7, 17307057),
(3621, 163, 590, 7, 17307057),
(3622, 153, 567, 7, 17307057),
(3623, 174, 623, 7, 17307057),
(3624, 176, 629, 7, 17307057),
(3625, 149, 560, 7, 17307057),
(3626, 155, 571, 7, 17307057),
(3627, 172, 617, 7, 17307057),
(3628, 177, 632, 7, 17307057),
(3629, 173, 620, 7, 17307008),
(3630, 152, 566, 7, 17307008),
(3631, 159, 579, 7, 17307008),
(3632, 168, 606, 7, 17307008),
(3633, 172, 617, 7, 17307008),
(3634, 151, 563, 7, 17307008),
(3635, 150, 562, 7, 17307008),
(3636, 142, 535, 7, 17307008),
(3637, 147, 555, 7, 17307008),
(3638, 143, 539, 7, 17307008),
(3639, 154, 569, 7, 17307029),
(3640, 161, 583, 7, 17307029),
(3641, 139, 524, 7, 17307029),
(3642, 164, 596, 7, 17307029),
(3643, 147, 555, 7, 17307029),
(3644, 173, 620, 7, 17307029),
(3645, 163, 590, 7, 17307029),
(3646, 170, 612, 7, 17307029),
(3647, 146, 552, 7, 17307029),
(3648, 149, 560, 7, 17307029),
(3649, 170, 611, 7, 17307033),
(3650, 157, 576, 7, 17307033),
(3651, 152, 566, 7, 17307033),
(3652, 141, 534, 7, 17307033),
(3653, 173, 620, 7, 17307033),
(3654, 156, 573, 7, 17307033),
(3655, 164, 598, 7, 17307033),
(3656, 175, 626, 7, 17307033),
(3657, 163, 590, 7, 17307033),
(3658, 159, 579, 7, 17307033),
(3659, 185, 669, 8, 17307037),
(3660, 193, 706, 8, 17307037),
(3661, 189, 688, 8, 17307037),
(3662, 200, 736, 8, 17307037),
(3663, 186, 674, 8, 17307037),
(3664, 194, 710, 8, 17307037),
(3665, 192, 702, 8, 17307037),
(3666, 199, 735, 8, 17307037),
(3667, 196, 722, 8, 17307037),
(3668, 198, 728, 8, 17307044),
(3669, 191, 697, 8, 17307044),
(3670, 200, 736, 8, 17307044),
(3671, 181, 653, 8, 17307044),
(3672, 180, 643, 8, 17307044),
(3673, 192, 702, 8, 17307044),
(3674, 188, 684, 8, 17307044),
(3675, 189, 688, 8, 17307044),
(3676, 201, 739, 8, 17307044),
(3677, 187, 681, 8, 17307938),
(3678, 200, 736, 8, 17307938),
(3679, 189, 688, 8, 17307938),
(3680, 193, 706, 8, 17307938),
(3681, 199, 734, 8, 17307938),
(3682, 185, 669, 8, 17307938),
(3683, 192, 702, 8, 17307938),
(3684, 179, 639, 8, 17307938),
(3685, 196, 722, 8, 17307938),
(3686, 198, 729, 8, 17307938),
(3687, 195, 713, 8, 17307013),
(3688, 201, 741, 8, 17307013),
(3689, 189, 688, 8, 17307013),
(3690, 193, 706, 8, 17307013),
(3691, 186, 674, 8, 17307013),
(3692, 180, 643, 8, 17307013),
(3693, 185, 669, 8, 17307013),
(3694, 191, 697, 8, 17307013),
(3695, 197, 723, 8, 17307013),
(3696, 179, 639, 8, 17307058),
(3697, 187, 678, 8, 17307058),
(3698, 196, 722, 8, 17307058),
(3699, 198, 729, 8, 17307058),
(3700, 194, 710, 8, 17307058),
(3701, 190, 692, 8, 17307058),
(3702, 180, 643, 8, 17307058),
(3703, 197, 727, 8, 17307058),
(3704, 195, 713, 8, 17307058),
(3705, 186, 674, 8, 17307058),
(3706, 190, 692, 8, 17307014),
(3707, 201, 741, 8, 17307014),
(3708, 186, 674, 8, 17307014),
(3709, 188, 684, 8, 17307014),
(3710, 197, 723, 8, 17307014),
(3711, 187, 679, 8, 17307014),
(3712, 191, 697, 8, 17307014),
(3713, 192, 702, 8, 17307014),
(3714, 179, 641, 8, 17307014),
(3715, 188, 685, 8, 17307049),
(3716, 187, 681, 8, 17307049),
(3717, 180, 645, 8, 17307049),
(3718, 198, 729, 8, 17307049),
(3719, 196, 722, 8, 17307049),
(3720, 184, 666, 8, 17307049),
(3721, 179, 638, 8, 17307049),
(3722, 185, 672, 8, 17307049),
(3723, 201, 741, 8, 17307049),
(3724, 199, 735, 8, 17307049),
(3725, 190, 692, 8, 17307041),
(3726, 187, 680, 8, 17307041),
(3727, 195, 713, 8, 17307041),
(3728, 179, 639, 8, 17307041),
(3729, 199, 735, 8, 17307041),
(3730, 194, 712, 8, 17307041),
(3731, 185, 668, 8, 17307041),
(3732, 192, 704, 8, 17307041),
(3733, 200, 738, 8, 17307041),
(3734, 191, 697, 8, 17307041),
(3735, 184, 666, 8, 17307007),
(3736, 191, 697, 8, 17307007),
(3737, 199, 734, 8, 17307007),
(3738, 196, 722, 8, 17307007),
(3739, 195, 713, 8, 17307007),
(3740, 187, 681, 8, 17307007),
(3741, 179, 638, 8, 17307007),
(3742, 186, 674, 8, 17307007),
(3743, 194, 710, 8, 17307007),
(3744, 201, 739, 8, 17307007),
(3745, 193, 706, 8, 17307011),
(3746, 188, 684, 8, 17307011),
(3747, 198, 728, 8, 17307011),
(3748, 199, 735, 8, 17307011),
(3749, 195, 713, 8, 17307011),
(3750, 189, 690, 8, 17307011),
(3751, 200, 736, 8, 17307011),
(3752, 186, 673, 8, 17307011),
(3753, 196, 721, 8, 17307011),
(3754, 190, 692, 8, 17307011),
(3755, 186, 673, 8, 17307001),
(3756, 200, 736, 8, 17307001),
(3757, 197, 724, 8, 17307001),
(3758, 188, 684, 8, 17307001),
(3759, 201, 741, 8, 17307001),
(3760, 195, 713, 8, 17307001),
(3761, 185, 669, 8, 17307001),
(3762, 180, 643, 8, 17307001),
(3763, 189, 688, 8, 17307001),
(3764, 190, 692, 8, 17307042),
(3765, 199, 735, 8, 17307042),
(3766, 180, 643, 8, 17307042),
(3767, 200, 736, 8, 17307042),
(3768, 192, 705, 8, 17307042),
(3769, 184, 667, 8, 17307042),
(3770, 198, 729, 8, 17307042),
(3771, 185, 672, 8, 17307042),
(3772, 191, 697, 8, 17307042),
(3773, 193, 706, 8, 17307055),
(3774, 184, 664, 8, 17307055),
(3775, 180, 643, 8, 17307055),
(3776, 195, 713, 8, 17307055),
(3777, 201, 741, 8, 17307055),
(3778, 181, 655, 8, 17307055),
(3779, 189, 688, 8, 17307055),
(3780, 190, 692, 8, 17307055),
(3781, 197, 723, 8, 17307055),
(3782, 198, 730, 8, 17307055),
(3783, 185, 669, 8, 17307009),
(3784, 191, 697, 8, 17307009),
(3785, 192, 702, 8, 17307009),
(3786, 197, 727, 8, 17307009),
(3787, 195, 713, 8, 17307009),
(3788, 190, 692, 8, 17307009),
(3789, 179, 641, 8, 17307009),
(3790, 186, 673, 8, 17307009),
(3791, 196, 718, 8, 17307009),
(3792, 189, 690, 8, 17307009),
(3793, 198, 729, 8, 17307002),
(3794, 199, 733, 8, 17307002),
(3795, 200, 736, 8, 17307002),
(3796, 179, 638, 8, 17307002),
(3797, 190, 692, 8, 17307002),
(3798, 194, 710, 8, 17307002),
(3799, 192, 702, 8, 17307002),
(3800, 184, 666, 8, 17307002),
(3801, 193, 706, 8, 17307002),
(3802, 185, 669, 8, 17307002),
(3803, 185, 669, 8, 17307048),
(3804, 201, 741, 8, 17307048),
(3805, 195, 717, 8, 17307048),
(3806, 191, 697, 8, 17307048),
(3807, 188, 685, 8, 17307048),
(3808, 183, 745, 8, 17307048),
(3809, 193, 706, 8, 17307048),
(3810, 179, 638, 8, 17307048),
(3811, 181, 649, 8, 17307048),
(3812, 199, 735, 8, 17307048),
(3813, 189, 688, 8, 17307006),
(3814, 194, 710, 8, 17307006),
(3815, 200, 736, 8, 17307006),
(3816, 196, 720, 8, 17307006),
(3817, 192, 705, 8, 17307006),
(3818, 190, 692, 8, 17307006),
(3819, 198, 728, 8, 17307006),
(3820, 181, 653, 8, 17307006),
(3821, 185, 669, 8, 17307006),
(3822, 180, 643, 8, 17307006),
(3823, 138, 519, 6, 18307090),
(3824, 135, 504, 6, 18307090),
(3825, 136, 510, 6, 18307090),
(3826, 128, 472, 6, 18307090),
(3827, 126, 464, 6, 18307090),
(3828, 131, 484, 6, 18307090),
(3829, 121, 447, 6, 18307036),
(3830, 128, 471, 6, 18307036),
(3831, 131, 484, 6, 18307036),
(3832, 133, 494, 6, 18307036),
(3833, 125, 459, 6, 18307036),
(3834, 134, 500, 6, 18307036),
(3835, 124, 456, 6, 18307039),
(3836, 130, 479, 6, 18307039),
(3837, 132, 490, 6, 18307039),
(3838, 129, 474, 6, 18307039),
(3839, 128, 471, 6, 18307039),
(3840, 136, 510, 6, 18307039),
(3841, 138, 519, 6, 18307056),
(3842, 128, 473, 6, 18307056),
(3843, 129, 474, 6, 18307056),
(3844, 124, 455, 6, 18307056),
(3845, 122, 449, 6, 18307056),
(3846, 121, 447, 6, 18307056),
(3847, 135, 506, 6, 18307004),
(3848, 137, 515, 6, 18307004),
(3849, 122, 450, 6, 18307004),
(3850, 127, 466, 6, 18307004),
(3851, 136, 510, 6, 18307004),
(3852, 133, 494, 6, 18307004),
(3853, 123, 453, 6, 18307038),
(3854, 136, 509, 6, 18307038),
(3855, 126, 463, 6, 18307038),
(3856, 135, 506, 6, 18307038),
(3857, 137, 516, 6, 18307038),
(3858, 128, 473, 6, 18307038),
(3859, 131, 484, 6, 18307027),
(3860, 134, 500, 6, 18307027),
(3861, 121, 447, 6, 18307027),
(3862, 130, 479, 6, 18307027),
(3863, 127, 466, 6, 18307027),
(3864, 137, 515, 6, 18307027),
(3865, 130, 482, 6, 18307058),
(3866, 131, 484, 6, 18307058),
(3867, 123, 452, 6, 18307058),
(3868, 124, 456, 6, 18307058),
(3869, 136, 510, 6, 18307058),
(3870, 135, 504, 6, 18307058),
(3871, 130, 479, 6, 18307019),
(3872, 135, 506, 6, 18307019),
(3873, 127, 466, 6, 18307019),
(3874, 138, 519, 6, 18307019),
(3875, 137, 517, 6, 18307019),
(3876, 128, 471, 6, 18307019),
(3877, 130, 479, 6, 18307040),
(3878, 124, 456, 6, 18307040),
(3879, 128, 471, 6, 18307040),
(3880, 131, 484, 6, 18307040),
(3881, 126, 462, 6, 18307040),
(3882, 123, 453, 6, 18307040),
(3883, 128, 471, 6, 18307060),
(3884, 124, 455, 6, 18307060),
(3885, 132, 490, 6, 18307060),
(3886, 125, 459, 6, 18307060),
(3887, 134, 500, 6, 18307060),
(3888, 126, 464, 6, 18307060),
(3889, 122, 449, 6, 18307021),
(3890, 132, 490, 6, 18307021),
(3891, 123, 452, 6, 18307021),
(3892, 128, 470, 6, 18307021),
(3893, 124, 456, 6, 18307021),
(3894, 136, 511, 6, 18307021),
(3895, 138, 519, 6, 18307025),
(3896, 121, 447, 6, 18307025),
(3897, 128, 470, 6, 18307025),
(3898, 125, 460, 6, 18307025),
(3899, 130, 479, 6, 18307025),
(3900, 136, 510, 6, 18307025),
(3901, 133, 496, 6, 18307035),
(3902, 124, 456, 6, 18307035),
(3903, 125, 460, 6, 18307035),
(3904, 134, 500, 6, 18307035),
(3905, 126, 462, 6, 18307035),
(3906, 136, 508, 6, 18307035),
(3907, 127, 466, 6, 18307085),
(3908, 138, 519, 6, 18307085),
(3909, 135, 506, 6, 18307085),
(3910, 132, 490, 6, 18307085),
(3911, 125, 459, 6, 18307085),
(3912, 121, 447, 6, 18307085),
(3913, 127, 466, 6, 18307068),
(3914, 124, 456, 6, 18307068),
(3915, 128, 470, 6, 18307068),
(3916, 137, 515, 6, 18307068),
(3917, 130, 479, 6, 18307068),
(3918, 132, 490, 6, 18307068),
(3919, 128, 470, 6, 18307070),
(3920, 132, 490, 6, 18307070),
(3921, 123, 452, 6, 18307070),
(3922, 135, 504, 6, 18307070),
(3923, 136, 511, 6, 18307070),
(3924, 122, 449, 6, 18307070),
(3925, 126, 464, 6, 18307057),
(3926, 130, 479, 6, 18307057),
(3927, 128, 471, 6, 18307057),
(3928, 134, 500, 6, 18307057),
(3929, 131, 484, 6, 18307057),
(3930, 136, 509, 6, 18307057),
(3931, 123, 452, 6, 18307024),
(3932, 121, 447, 6, 18307024),
(3933, 127, 466, 6, 18307024),
(3934, 131, 484, 6, 18307024),
(3935, 125, 460, 6, 18307024),
(3936, 138, 521, 6, 18307024),
(3937, 126, 464, 6, 17307046),
(3938, 138, 519, 6, 17307046),
(3939, 122, 450, 6, 17307046),
(3940, 136, 510, 6, 17307046),
(3941, 121, 448, 6, 17307046),
(3942, 134, 499, 6, 17307046),
(3943, 125, 458, 6, 18307017),
(3944, 128, 471, 6, 18307017),
(3945, 129, 476, 6, 18307017),
(3946, 123, 452, 6, 18307017),
(3947, 130, 479, 6, 18307017),
(3948, 138, 519, 6, 18307017),
(3949, 127, 466, 6, 18307084),
(3950, 132, 490, 6, 18307084),
(3951, 131, 484, 6, 18307084),
(3952, 133, 494, 6, 18307084),
(3953, 123, 452, 6, 18307084),
(3954, 136, 510, 6, 18307084),
(3955, 130, 479, 6, 18307001),
(3956, 136, 510, 6, 18307001),
(3957, 121, 447, 6, 18307001),
(3958, 126, 464, 6, 18307001),
(3959, 135, 506, 6, 18307001),
(3960, 131, 486, 6, 18307001),
(3961, 196, 722, 8, 17307059),
(3962, 200, 736, 8, 17307059),
(3963, 186, 674, 8, 17307059),
(3964, 193, 706, 8, 17307059),
(3965, 195, 713, 8, 17307059),
(3966, 188, 685, 8, 17307059),
(3967, 191, 697, 8, 17307059),
(3968, 189, 688, 8, 17307059),
(3969, 190, 692, 8, 17307059),
(3970, 179, 638, 8, 17307059),
(3971, 201, 741, 8, 17307065),
(3972, 191, 697, 8, 17307065),
(3973, 194, 710, 8, 17307065),
(3974, 199, 735, 8, 17307065),
(3975, 187, 680, 8, 17307065),
(3976, 196, 722, 8, 17307065),
(3977, 197, 723, 8, 17307065),
(3978, 200, 736, 8, 17307065),
(3979, 190, 692, 8, 17307065),
(3980, 189, 688, 8, 17307065),
(3981, 201, 741, 8, 17307033),
(3982, 189, 690, 8, 17307033),
(3983, 184, 667, 8, 17307033),
(3984, 185, 669, 8, 17307033),
(3985, 199, 735, 8, 17307033),
(3986, 188, 683, 8, 17307033),
(3987, 194, 710, 8, 17307033),
(3988, 200, 736, 8, 17307033),
(3989, 193, 706, 8, 17307033),
(3990, 203, 751, 8, 17307033),
(3991, 197, 723, 8, 17307015),
(3992, 185, 669, 8, 17307015),
(3993, 187, 681, 8, 17307015),
(3994, 193, 706, 8, 17307015),
(3995, 183, 742, 8, 17307015),
(3996, 196, 722, 8, 17307015),
(3997, 188, 685, 8, 17307015),
(3998, 189, 689, 8, 17307015),
(3999, 180, 645, 8, 17307015),
(4000, 184, 666, 8, 17307015),
(4001, 194, 710, 8, 17307056),
(4002, 200, 736, 8, 17307056),
(4003, 191, 697, 8, 17307056),
(4004, 198, 729, 8, 17307056),
(4005, 179, 639, 8, 17307056),
(4006, 199, 735, 8, 17307056),
(4007, 185, 669, 8, 17307056),
(4008, 189, 688, 8, 17307056),
(4009, 192, 702, 8, 17307056),
(4010, 183, 742, 8, 17307056),
(4011, 185, 669, 8, 17307020),
(4012, 196, 722, 8, 17307020),
(4013, 191, 697, 8, 17307020),
(4014, 203, 753, 8, 17307020),
(4015, 201, 741, 8, 17307020),
(4016, 200, 736, 8, 17307020),
(4017, 195, 713, 8, 17307020),
(4018, 189, 688, 8, 17307020),
(4019, 192, 702, 8, 17307020),
(4020, 183, 742, 8, 17307020),
(4021, 189, 688, 8, 17307023),
(4022, 179, 641, 8, 17307023),
(4023, 180, 643, 8, 17307023),
(4024, 187, 681, 8, 17307023),
(4025, 191, 697, 8, 17307023),
(4026, 199, 735, 8, 17307023),
(4027, 184, 667, 8, 17307023),
(4028, 203, 751, 8, 17307023),
(4029, 181, 653, 8, 17307023),
(4030, 193, 706, 8, 17307023),
(4031, 201, 741, 8, 17307019),
(4032, 194, 710, 8, 17307019),
(4033, 191, 697, 8, 17307019),
(4034, 202, 750, 8, 17307019),
(4035, 193, 706, 8, 17307019),
(4036, 192, 702, 8, 17307019),
(4037, 186, 674, 8, 17307019),
(4038, 190, 692, 8, 17307019),
(4039, 203, 751, 8, 17307019),
(4040, 184, 666, 8, 17307019),
(4041, 200, 736, 8, 17307018),
(4042, 203, 753, 8, 17307018),
(4043, 183, 742, 8, 17307018),
(4044, 186, 677, 8, 17307018),
(4045, 192, 702, 8, 17307018),
(4046, 188, 684, 8, 17307018),
(4047, 193, 706, 8, 17307018),
(4048, 201, 741, 8, 17307018),
(4049, 202, 748, 8, 17307018),
(4050, 198, 729, 8, 17307018),
(4051, 183, 742, 8, 17307024),
(4052, 189, 688, 8, 17307024),
(4053, 181, 653, 8, 17307024),
(4054, 198, 730, 8, 17307024),
(4055, 186, 675, 8, 17307024),
(4056, 180, 643, 8, 17307050),
(4057, 199, 735, 8, 17307024),
(4058, 201, 741, 8, 17307050),
(4059, 194, 710, 8, 17307024),
(4060, 202, 750, 8, 17307050),
(4061, 200, 736, 8, 17307024),
(4062, 186, 674, 8, 17307050),
(4063, 188, 684, 8, 17307024),
(4064, 199, 732, 8, 17307050),
(4065, 203, 751, 8, 17307024),
(4066, 190, 692, 8, 17307050),
(4067, 187, 681, 8, 17307050),
(4068, 203, 754, 8, 17307050),
(4069, 192, 705, 8, 17307050),
(4070, 196, 722, 8, 17307050),
(4071, 200, 736, 8, 17307005),
(4072, 199, 735, 8, 17307005),
(4073, 183, 742, 8, 17307005),
(4074, 194, 710, 8, 17307005),
(4075, 188, 682, 8, 17307005),
(4076, 196, 722, 8, 17307005),
(4077, 190, 692, 8, 17307005),
(4078, 198, 729, 8, 17307005),
(4079, 181, 653, 8, 17307005),
(4080, 184, 667, 8, 17307005),
(4081, 201, 741, 8, 17307004),
(4082, 184, 666, 8, 17307004),
(4083, 188, 682, 8, 17307004),
(4084, 196, 722, 8, 17307004),
(4085, 197, 723, 8, 17307004),
(4086, 187, 678, 8, 17307004),
(4087, 194, 710, 8, 17307004),
(4088, 191, 697, 8, 17307004),
(4089, 203, 753, 8, 17307004),
(4090, 185, 669, 8, 17307004),
(4091, 203, 751, 8, 17307031),
(4092, 181, 653, 8, 17307031),
(4093, 191, 697, 8, 17307031),
(4094, 185, 669, 8, 17307031),
(4095, 193, 706, 8, 17307031),
(4096, 201, 741, 8, 17307031),
(4097, 192, 702, 8, 17307031),
(4098, 199, 735, 8, 17307031),
(4099, 190, 692, 8, 17307031),
(4100, 180, 643, 8, 17307031),
(4101, 201, 741, 8, 17307036),
(4102, 197, 723, 8, 17307036),
(4103, 191, 697, 8, 17307036),
(4104, 193, 706, 8, 17307036),
(4105, 184, 666, 8, 17307036),
(4106, 187, 681, 8, 17307036),
(4107, 190, 692, 8, 17307036),
(4108, 181, 649, 8, 17307036),
(4109, 180, 643, 8, 17307036),
(4110, 192, 702, 8, 17307036),
(4111, 183, 742, 8, 17307026),
(4112, 189, 688, 8, 17307026),
(4113, 191, 697, 8, 17307026),
(4114, 187, 678, 8, 17307026),
(4115, 185, 669, 8, 17307026),
(4116, 186, 674, 8, 17307026),
(4117, 192, 702, 8, 17307026),
(4118, 188, 682, 8, 17307026),
(4119, 184, 667, 8, 17307026),
(4120, 203, 751, 8, 17307026),
(4121, 203, 755, 8, 17307008),
(4122, 197, 723, 8, 17307008),
(4123, 196, 722, 8, 17307008),
(4124, 198, 729, 8, 17307008),
(4125, 179, 638, 8, 17307008),
(4126, 180, 645, 8, 17307008),
(4127, 199, 732, 8, 17307008),
(4128, 186, 677, 8, 17307008),
(4129, 184, 666, 8, 17307008),
(4130, 185, 668, 8, 17307008),
(4131, 198, 728, 8, 17307057),
(4132, 195, 713, 8, 17307057),
(4133, 202, 748, 8, 17307057),
(4134, 183, 742, 8, 17307057),
(4135, 190, 694, 8, 17307057),
(4136, 185, 669, 8, 17307057),
(4137, 180, 645, 8, 17307057),
(4138, 191, 697, 8, 17307057),
(4139, 203, 752, 8, 17307057),
(4140, 199, 735, 8, 17307057),
(4141, 192, 702, 8, 17307016),
(4142, 179, 638, 8, 17307016),
(4143, 201, 741, 8, 17307016),
(4144, 202, 747, 8, 17307016),
(4145, 186, 674, 8, 17307016),
(4146, 188, 684, 8, 17307016),
(4147, 203, 751, 8, 17307016),
(4148, 193, 706, 8, 17307016),
(4149, 180, 643, 8, 17307016),
(4150, 190, 692, 8, 17307016),
(4151, 184, 667, 8, 17307032),
(4152, 189, 688, 8, 17307032),
(4153, 192, 702, 8, 17307032),
(4154, 187, 680, 8, 17307032),
(4155, 190, 695, 8, 17307032),
(4156, 202, 748, 8, 17307032),
(4157, 188, 682, 8, 17307032),
(4158, 179, 638, 8, 17307032),
(4159, 198, 729, 8, 17307032),
(4160, 194, 711, 8, 17307032),
(4161, 121, 447, 6, 18307088),
(4162, 133, 494, 6, 18307088),
(4163, 132, 490, 6, 18307088),
(4164, 127, 466, 6, 18307088),
(4165, 136, 510, 6, 18307088),
(4166, 131, 484, 6, 18307088),
(4167, 137, 513, 6, 18307075),
(4168, 127, 466, 6, 18307075),
(4169, 133, 494, 6, 18307075),
(4170, 126, 463, 6, 18307075),
(4171, 128, 471, 6, 18307075),
(4172, 136, 509, 6, 18307075),
(4173, 126, 462, 6, 18307081),
(4174, 124, 455, 6, 18307081),
(4175, 123, 452, 6, 18307081),
(4176, 122, 450, 6, 18307081),
(4177, 134, 499, 6, 18307081),
(4178, 136, 511, 6, 18307081),
(4179, 127, 468, 6, 18307018),
(4180, 135, 506, 6, 18307018),
(4181, 136, 508, 6, 18307018),
(4182, 122, 450, 6, 18307018),
(4183, 134, 500, 6, 18307018),
(4184, 123, 452, 6, 18307018),
(4185, 131, 484, 6, 18307079),
(4186, 136, 508, 6, 18307079),
(4187, 137, 515, 6, 18307079),
(4188, 127, 466, 6, 18307079),
(4189, 135, 504, 6, 18307079),
(4190, 122, 450, 6, 18307079),
(4191, 134, 501, 6, 18307049),
(4192, 128, 473, 6, 18307049),
(4193, 130, 483, 6, 18307049),
(4194, 132, 491, 6, 18307049),
(4195, 129, 474, 6, 18307049),
(4196, 136, 509, 6, 18307049),
(4197, 123, 452, 6, 18307064),
(4198, 137, 515, 6, 18307064),
(4199, 130, 479, 6, 18307064),
(4200, 124, 456, 6, 18307064),
(4201, 138, 519, 6, 18307064),
(4202, 126, 464, 6, 18307064),
(4203, 133, 494, 6, 18307034),
(4204, 137, 516, 6, 18307034),
(4205, 132, 490, 6, 18307034),
(4206, 129, 474, 6, 18307034),
(4207, 131, 485, 6, 18307034),
(4208, 130, 479, 6, 18307034),
(4209, 122, 450, 6, 18307044),
(4210, 133, 494, 6, 18307044),
(4211, 125, 458, 6, 18307044),
(4212, 135, 506, 6, 18307044),
(4213, 130, 479, 6, 18307044),
(4214, 123, 453, 6, 18307044),
(4215, 138, 521, 6, 18307082),
(4216, 126, 464, 6, 18307082),
(4217, 125, 458, 6, 18307082),
(4218, 134, 500, 6, 18307082),
(4219, 128, 470, 6, 18307082),
(4220, 137, 513, 6, 18307082),
(4221, 123, 452, 6, 18307006),
(4222, 128, 470, 6, 18307006),
(4223, 137, 516, 6, 18307006),
(4224, 125, 458, 6, 18307006),
(4225, 136, 510, 6, 18307006),
(4226, 129, 476, 6, 18307006),
(4227, 122, 449, 6, 18307013),
(4228, 121, 447, 6, 18307013),
(4229, 129, 474, 6, 18307013),
(4230, 124, 455, 6, 18307013),
(4231, 126, 465, 6, 18307013),
(4232, 137, 516, 6, 18307013),
(4233, 131, 484, 6, 18307200),
(4234, 124, 456, 6, 18307200),
(4235, 135, 504, 6, 18307200),
(4236, 128, 471, 6, 18307200),
(4237, 127, 466, 6, 18307200),
(4238, 130, 479, 6, 18307200),
(4239, 135, 504, 6, 18307009),
(4240, 129, 474, 6, 18307009),
(4241, 124, 455, 6, 18307009),
(4242, 121, 447, 6, 18307009),
(4243, 133, 494, 6, 18307009),
(4244, 132, 490, 6, 18307009),
(4245, 135, 506, 6, 18307094),
(4246, 125, 461, 6, 18307094),
(4247, 130, 482, 6, 18307094),
(4248, 121, 447, 6, 18307094),
(4249, 132, 493, 6, 18307094),
(4250, 136, 510, 6, 18307094),
(4251, 125, 458, 6, 18307031),
(4252, 122, 449, 6, 18307031),
(4253, 126, 464, 6, 18307031),
(4254, 137, 513, 6, 18307031),
(4255, 130, 479, 6, 18307031),
(4256, 138, 519, 6, 18307031),
(4257, 122, 449, 6, 18307043),
(4258, 135, 506, 6, 18307043);
INSERT INTO `ex_respuestas_alum` (`id`, `id_pregunta`, `id_respuesta`, `id_examen`, `mat`) VALUES
(4259, 136, 509, 6, 18307043),
(4260, 138, 521, 6, 18307043),
(4261, 123, 452, 6, 18307043),
(4262, 129, 474, 6, 18307043),
(4263, 126, 462, 6, 18307047),
(4264, 138, 521, 6, 18307047),
(4265, 127, 466, 6, 18307047),
(4266, 136, 510, 6, 18307047),
(4267, 124, 456, 6, 18307047),
(4268, 133, 494, 6, 18307047),
(4269, 123, 454, 6, 18307048),
(4270, 135, 506, 6, 18307048),
(4271, 134, 500, 6, 18307048),
(4272, 132, 490, 6, 18307048),
(4273, 138, 521, 6, 18307048),
(4274, 131, 487, 6, 18307048),
(4275, 122, 449, 6, 18307042),
(4276, 136, 510, 6, 18307042),
(4277, 132, 490, 6, 18307042),
(4278, 129, 474, 6, 18307042),
(4279, 123, 452, 6, 18307042),
(4280, 124, 456, 6, 18307042),
(4281, 121, 447, 6, 18307010),
(4282, 128, 470, 6, 18307010),
(4283, 131, 484, 6, 18307010),
(4284, 127, 466, 6, 18307010),
(4285, 132, 489, 6, 18307010),
(4286, 136, 508, 6, 18307010),
(4287, 132, 490, 6, 18307014),
(4288, 129, 474, 6, 18307014),
(4289, 135, 504, 6, 18307014),
(4290, 127, 466, 6, 18307014),
(4291, 134, 500, 6, 18307014),
(4292, 125, 458, 6, 18307014);

-- --------------------------------------------------------

--
-- Estructura de tabla para la tabla `grupos`
--

CREATE TABLE `grupos` (
  `id` int(11) NOT NULL,
  `grupo` varchar(10) COLLATE utf8_spanish_ci NOT NULL,
  `etiqueta` varchar(10) COLLATE utf8_spanish_ci NOT NULL,
  `descripcion` varchar(10) COLLATE utf8_spanish_ci NOT NULL,
  `status` int(11) NOT NULL
) ENGINE=InnoDB DEFAULT CHARSET=utf8 COLLATE=utf8_spanish_ci;

--
-- Volcado de datos para la tabla `grupos`
--

INSERT INTO `grupos` (`id`, `grupo`, `etiqueta`, `descripcion`, `status`) VALUES
(1, '4', 'A', 'ING', 1),
(2, '4', 'B', 'TSU', 1);

-- --------------------------------------------------------

--
-- Estructura de tabla para la tabla `materias`
--

CREATE TABLE `materias` (
  `id` int(11) NOT NULL,
  `asignatura` varchar(255) NOT NULL
) ENGINE=InnoDB DEFAULT CHARSET=latin1;

--
-- Volcado de datos para la tabla `materias`
--

INSERT INTO `materias` (`id`, `asignatura`) VALUES
(1, 'Estructura de Datos'),
(2, 'Informática I'),
(3, 'Informática II'),
(4, 'Formación Sociocultural I'),
(5, 'Estructura de Datos'),
(6, 'Auditorias de Sistemas de TI'),
(7, 'Seguridad de la Información');

-- --------------------------------------------------------

--
-- Estructura de tabla para la tabla `puntos`
--

CREATE TABLE `puntos` (
  `id` int(11) NOT NULL,
  `mat` int(11) NOT NULL,
  `id_tipo` varchar(10) COLLATE utf8_spanish_ci NOT NULL,
  `id_tareasActividades` int(11) NOT NULL,
  `fecha` date NOT NULL,
  `puntos` int(11) NOT NULL,
  `nota` varchar(400) COLLATE utf8_spanish_ci NOT NULL
) ENGINE=InnoDB DEFAULT CHARSET=utf8 COLLATE=utf8_spanish_ci;

--
-- Volcado de datos para la tabla `puntos`
--

INSERT INTO `puntos` (`id`, `mat`, `id_tipo`, `id_tareasActividades`, `fecha`, `puntos`, `nota`) VALUES
(28, 232, '4', 49, '2019-12-24', 10, 'Misajsjhdaj'),
(29, 2013, '4', 50, '2019-12-24', 85, 'jejhasan sdajdjadkjadkjad adiuadnma'),
(30, 232, '1', 34, '2019-12-24', 85, 'Kasnajdadn');

-- --------------------------------------------------------

--
-- Estructura de tabla para la tabla `tareasActividades`
--

CREATE TABLE `tareasActividades` (
  `id` int(11) NOT NULL,
  `id_alumnosgrupo` int(11) NOT NULL,
  `id_tipopuntos` int(11) NOT NULL,
  `nombre` varchar(500) NOT NULL,
  `fecha` date DEFAULT NULL,
  `hora` time DEFAULT NULL,
  `dir` text NOT NULL
) ENGINE=InnoDB DEFAULT CHARSET=latin1;

--
-- Volcado de datos para la tabla `tareasActividades`
--

INSERT INTO `tareasActividades` (`id`, `id_alumnosgrupo`, `id_tipopuntos`, `nombre`, `fecha`, `hora`, `dir`) VALUES
(34, 30, 1, 'T001: 60 Comandos en Linux cada comando con 10 ejemplos-2019-12-23-17:17:52.docx', '2019-12-23', '17:17:52', '../documentos/T001: 60 Comandos en Linux cada comando con 10 ejemplos-2019-12-23-17:17:52.docx'),
(35, 30, 2, 'T002: 30 Comandos internos, 30 Comandos Externos; Cada comando con 5 ejemplos-2019-12-23-17:17:59.pdf', '2019-12-23', '17:17:59', '../documentos/T002: 30 Comandos internos, 30 Comandos Externos; Cada comando con 5 ejemplos-2019-12-23-17:17:59.pdf'),
(36, 30, 3, 'doc-2019-12-23-07:33:27.doc', '2019-12-23', '07:33:27', '../documentos/doc-2019-12-23-07:33:27.doc'),
(37, 27, 3, 'Listado de Integrantes-2019-12-23-13:25:40.xlsx', '2019-12-23', '13:25:40', '../documentos/Listado de Integrantes-2019-12-23-13:25:40.xlsx'),
(38, 27, 2, 'T002: 30 Comandos internos, 30 Comandos Externos; Cada comando con 5 ejemplos-2019-12-23-17:15:42.pdf', '2019-12-23', '17:15:42', '../documentos/T002: 30 Comandos internos, 30 Comandos Externos; Cada comando con 5 ejemplos-2019-12-23-17:15:42.pdf'),
(39, 58, 2, 'Lista de Tallas de alumnos del taller de robótica-2019-12-23-13:27:08.docx', '2019-12-23', '13:27:08', '../documentos/Lista de Tallas de alumnos del taller de robótica-2019-12-23-13:27:08.docx'),
(40, 57, 3, 'Anexos-2019-12-23-14:48:16.docx', '2019-12-23', '14:48:16', '../documentos/Anexos-2019-12-23-14:48:16.docx'),
(41, 57, 2, 'ficha de beca jovenes construyendo-2019-12-23-14:48:32.pdf', '2019-12-23', '14:48:32', '../documentos/ficha de beca jovenes construyendo-2019-12-23-14:48:32.pdf'),
(42, 37, 2, 'marcas_registradas_img-2019-12-23-15:33:08.docx', '2019-12-23', '15:33:08', '../documentos/marcas_registradas_img-2019-12-23-15:33:08.docx'),
(43, 27, 1, 'T001: 60 Comandos en Linux cada comando con 10 ejemplos-2019-12-24-11:59:04.pdf', '2019-12-24', '11:59:04', '../documentos/T001: 60 Comandos en Linux cada comando con 10 ejemplos-2019-12-24-11:59:04.pdf'),
(44, 57, 1, 'T001: 60 Comandos en Linux cada comando con 10 ejemplos-2019-12-24-08:21:08.docx', '2019-12-24', '08:21:08', '../documentos/T001: 60 Comandos en Linux cada comando con 10 ejemplos-2019-12-24-08:21:08.docx'),
(45, 60, 1, 'T001: 60 Comandos en Linux cada comando con 10 ejemplos-2019-12-24-09:27:15.docx', '2019-12-24', '09:27:15', '../documentos/T001: 60 Comandos en Linux cada comando con 10 ejemplos-2019-12-24-09:27:15.docx'),
(46, 60, 2, 'T002: 30 Comandos internos, 30 Comandos Externos; Cada comando con 5 ejemplos-2019-12-24-09:28:28.pdf', '2019-12-24', '09:28:28', '../documentos/T002: 30 Comandos internos, 30 Comandos Externos; Cada comando con 5 ejemplos-2019-12-24-09:28:28.pdf'),
(47, 59, 2, 'T002: 30 Comandos internos, 30 Comandos Externos; Cada comando con 5 ejemplos-2019-12-24-09:53:41.pdf', '2019-12-24', '09:53:41', '../documentos/T002: 30 Comandos internos, 30 Comandos Externos; Cada comando con 5 ejemplos-2019-12-24-09:53:41.pdf'),
(48, 59, 4, 'T003: Usar sentencias if , exist, file, %, y variaciones y usos dentro de un archivo por lotes; cambiar las rutas de mapeo en la unidad \\\"PATH\\\";(15 Ejemplos de archivos BAT-2019-12-24-10:30:04.pdf', '2019-12-24', '10:30:04', '../documentos/%22;(15 Ejemplos de archivos BAT-2019-12-24-10:30:04.pdf'),
(49, 30, 4, '%22;(15 Ejemplos de archivos BAT-2019-12-24-10:31:52.pdf', '2019-12-24', '10:31:52', '../documentos/%22;(15 Ejemplos de archivos BAT-2019-12-24-10:31:52.pdf'),
(50, 27, 4, '%22;(15 Ejemplos de archivos BAT-2019-12-24-11:37:50.pdf', '2019-12-24', '11:37:50', '../documentos/%22;(15 Ejemplos de archivos BAT-2019-12-24-11:37:50.pdf');

-- --------------------------------------------------------

--
-- Estructura de tabla para la tabla `tipopuntos`
--

CREATE TABLE `tipopuntos` (
  `id` int(11) NOT NULL,
  `id_tipo` varchar(10) COLLATE utf8_spanish_ci NOT NULL,
  `id_unidades` int(11) NOT NULL,
  `id_cargaprofesor` int(11) NOT NULL,
  `descripcion` varchar(500) COLLATE utf8_spanish_ci NOT NULL,
  `nota_tarea` text COLLATE utf8_spanish_ci NOT NULL,
  `fecha` date NOT NULL,
  `valor` int(4) NOT NULL
) ENGINE=InnoDB DEFAULT CHARSET=utf8 COLLATE=utf8_spanish_ci;

--
-- Volcado de datos para la tabla `tipopuntos`
--

INSERT INTO `tipopuntos` (`id`, `id_tipo`, `id_unidades`, `id_cargaprofesor`, `descripcion`, `nota_tarea`, `fecha`, `valor`) VALUES
(1, 'T001', 4, 1, '60 Comandos en Linux cada comando con 10 ejemplos.', 'La tarea solo se aceptará en formato PDF, si es enviada en otro formato se sancionara con puntos menos.', '2019-12-23', 100),
(2, 'T002', 4, 1, '30 Comandos internos, 30 Comandos Externos; Cada comando con 5 ejemplos', 'La tarea solo se aceptará en formato PDF, si es enviada en otro formato se sancionara con puntos menos.', '2019-12-23', 100),
(3, 'P001', 4, 1, 'Manejo y uso de Comandos del DOS', 'Solo documentos PDFs... 100 pts.', '2019-12-23', 100),
(4, 'T003', 4, 1, 'Usar sentencias if , exist, file, %, y variaciones y usos dentro de un archivo por lotes; cambiar las rutas de mapeo en la unidad \\\"PATH\\\";(15 Ejemplos de archivos BAT', 'Entregarse en pdf con portada, indice, introduccion, conclusión y referencias en formato APA', '2019-12-23', 100);

-- --------------------------------------------------------

--
-- Estructura de tabla para la tabla `unidades`
--

CREATE TABLE `unidades` (
  `id` int(11) NOT NULL,
  `id_materias` int(11) DEFAULT NULL,
  `unidad` varchar(5) NOT NULL,
  `tema` varchar(255) NOT NULL
) ENGINE=InnoDB DEFAULT CHARSET=latin1;

--
-- Volcado de datos para la tabla `unidades`
--

INSERT INTO `unidades` (`id`, `id_materias`, `unidad`, `tema`) VALUES
(1, 6, '1', 'El auditor y la organización'),
(2, 6, '2', 'Desarrollo de la auditoria informática'),
(3, 6, '3', 'Interpretación de la información'),
(4, 7, '1', 'Introducción a la seguridad de la Información'),
(5, 7, '2', 'Administración de la Seguridad'),
(6, 7, '3', 'Métodos de Autenticación'),
(7, 3, '1', 'Firewalls'),
(8, 3, '2', 'VPN'),
(9, 3, '3', 'Detención y Prevención de Intrusos'),
(10, 5, '1', 'Vectores y Matricez'),
(11, 5, '2', 'Colas y Pilas'),
(12, 5, '3', 'Ordenamiento Burbuja');

-- --------------------------------------------------------

--
-- Estructura de tabla para la tabla `usuarios`
--

CREATE TABLE `usuarios` (
  `id` int(11) NOT NULL,
  `matricula` bigint(20) NOT NULL,
  `nombre` varchar(21) CHARACTER SET utf8 COLLATE utf8_spanish_ci NOT NULL COMMENT 'Nombre completo del alumno ',
  `apellidos` varchar(34) CHARACTER SET utf8 COLLATE utf8_spanish_ci NOT NULL COMMENT 'Captura los apellidos del alumno',
  `telefono` varchar(10) NOT NULL,
  `tipo` varchar(1) CHARACTER SET utf8 COLLATE utf8_spanish_ci NOT NULL COMMENT 'acepta solamente "A ó P" si es un alumno o Profesor',
  `pwd` varchar(8) NOT NULL,
  `status` int(11) NOT NULL
) ENGINE=InnoDB DEFAULT CHARSET=utf8;

--
-- Volcado de datos para la tabla `usuarios`
--

INSERT INTO `usuarios` (`id`, `matricula`, `nombre`, `apellidos`, `telefono`, `tipo`, `pwd`, `status`) VALUES
(1, 1, 'Administrador', 'Admin Admin', '11122222', 'P', 'admin', 1),
(17, 11, 'JORGE ORLANDO', 'GALLARDO C.', '7556', 'A', '22', 1),
(27, 2013, 'Christopher Angel', 'Sotelo Gallardo', '7551016568', 'A', '2013', 1),
(28, 777, 'JOSE ANGEL', 'FLORES CASTRO', '7551016464', 'A', '777', 1),
(29, 345, 'angel', 'sotelo Rivera', '755', 'A', '345', 1),
(30, 232, 'MARCO POLO', 'SOTELO FLORES', '7331158909', 'A', 'SOTELO', 1),
(36, 78, '89', '90', '90', 'A', '78', 0),
(37, 5678, 'Juan Angel', 'sotelo f', '7551021497', 'A', '5678', 1),
(56, 16307071, 'Misael', 'Lezma Mesino', '7421029009', 'P', '12345', 1),
(57, 16307072, 'Lety', 'Sanchez Rosas', '7455557487', 'A', '12345', 1),
(58, 16307073, 'Perla', 'Aslet Serrano', '7442145478', 'A', '12345', 1),
(59, 16307074, 'Fernando', 'Tellez Salaas', '7412245578', 'A', '12345', 1),
(60, 16307075, 'Luis Fernando', 'Sosa Suastegui', '2556895985', 'A', '12345', 1);

--
-- Índices para tablas volcadas
--

--
-- Indices de la tabla `alumnosgrupo`
--
ALTER TABLE `alumnosgrupo`
  ADD PRIMARY KEY (`id_usuario`);

--
-- Indices de la tabla `asistencia`
--
ALTER TABLE `asistencia`
  ADD PRIMARY KEY (`id`);

--
-- Indices de la tabla `cargaprofesores`
--
ALTER TABLE `cargaprofesores`
  ADD PRIMARY KEY (`id`);

--
-- Indices de la tabla `examen`
--
ALTER TABLE `examen`
  ADD PRIMARY KEY (`id`);

--
-- Indices de la tabla `ex_datos`
--
ALTER TABLE `ex_datos`
  ADD PRIMARY KEY (`id`);

--
-- Indices de la tabla `ex_intentos`
--
ALTER TABLE `ex_intentos`
  ADD PRIMARY KEY (`id`);

--
-- Indices de la tabla `ex_preguntas`
--
ALTER TABLE `ex_preguntas`
  ADD PRIMARY KEY (`id`);

--
-- Indices de la tabla `ex_respuestas`
--
ALTER TABLE `ex_respuestas`
  ADD PRIMARY KEY (`id`);

--
-- Indices de la tabla `ex_respuestas_alum`
--
ALTER TABLE `ex_respuestas_alum`
  ADD PRIMARY KEY (`id`);

--
-- Indices de la tabla `grupos`
--
ALTER TABLE `grupos`
  ADD PRIMARY KEY (`id`);

--
-- Indices de la tabla `materias`
--
ALTER TABLE `materias`
  ADD PRIMARY KEY (`id`);

--
-- Indices de la tabla `puntos`
--
ALTER TABLE `puntos`
  ADD PRIMARY KEY (`id`),
  ADD KEY `mat` (`mat`),
  ADD KEY `id_tipo` (`id_tipo`),
  ADD KEY `id_tareasActividades` (`id_tareasActividades`);

--
-- Indices de la tabla `tareasActividades`
--
ALTER TABLE `tareasActividades`
  ADD PRIMARY KEY (`id`);

--
-- Indices de la tabla `tipopuntos`
--
ALTER TABLE `tipopuntos`
  ADD PRIMARY KEY (`id`),
  ADD KEY `id_tipo` (`id_tipo`),
  ADD KEY `id_tipo_2` (`id_tipo`),
  ADD KEY `id_tipo_3` (`id_tipo`),
  ADD KEY `id_unidades` (`id_unidades`),
  ADD KEY `id_cargaprofesor` (`id_cargaprofesor`);

--
-- Indices de la tabla `unidades`
--
ALTER TABLE `unidades`
  ADD PRIMARY KEY (`id`);

--
-- Indices de la tabla `usuarios`
--
ALTER TABLE `usuarios`
  ADD PRIMARY KEY (`id`);

--
-- AUTO_INCREMENT de las tablas volcadas
--

--
-- AUTO_INCREMENT de la tabla `asistencia`
--
ALTER TABLE `asistencia`
  MODIFY `id` int(11) NOT NULL AUTO_INCREMENT, AUTO_INCREMENT=24;
--
-- AUTO_INCREMENT de la tabla `cargaprofesores`
--
ALTER TABLE `cargaprofesores`
  MODIFY `id` int(11) NOT NULL AUTO_INCREMENT, AUTO_INCREMENT=7;
--
-- AUTO_INCREMENT de la tabla `examen`
--
ALTER TABLE `examen`
  MODIFY `id` int(11) NOT NULL AUTO_INCREMENT, AUTO_INCREMENT=9;
--
-- AUTO_INCREMENT de la tabla `ex_datos`
--
ALTER TABLE `ex_datos`
  MODIFY `id` int(11) NOT NULL AUTO_INCREMENT, AUTO_INCREMENT=12;
--
-- AUTO_INCREMENT de la tabla `ex_intentos`
--
ALTER TABLE `ex_intentos`
  MODIFY `id` int(11) NOT NULL AUTO_INCREMENT;
--
-- AUTO_INCREMENT de la tabla `ex_preguntas`
--
ALTER TABLE `ex_preguntas`
  MODIFY `id` int(11) NOT NULL AUTO_INCREMENT, AUTO_INCREMENT=205;
--
-- AUTO_INCREMENT de la tabla `ex_respuestas`
--
ALTER TABLE `ex_respuestas`
  MODIFY `id` int(11) NOT NULL AUTO_INCREMENT, AUTO_INCREMENT=761;
--
-- AUTO_INCREMENT de la tabla `ex_respuestas_alum`
--
ALTER TABLE `ex_respuestas_alum`
  MODIFY `id` int(11) NOT NULL AUTO_INCREMENT, AUTO_INCREMENT=4293;
--
-- AUTO_INCREMENT de la tabla `grupos`
--
ALTER TABLE `grupos`
  MODIFY `id` int(11) NOT NULL AUTO_INCREMENT, AUTO_INCREMENT=3;
--
-- AUTO_INCREMENT de la tabla `materias`
--
ALTER TABLE `materias`
  MODIFY `id` int(11) NOT NULL AUTO_INCREMENT, AUTO_INCREMENT=8;
--
-- AUTO_INCREMENT de la tabla `puntos`
--
ALTER TABLE `puntos`
  MODIFY `id` int(11) NOT NULL AUTO_INCREMENT, AUTO_INCREMENT=31;
--
-- AUTO_INCREMENT de la tabla `tareasActividades`
--
ALTER TABLE `tareasActividades`
  MODIFY `id` int(11) NOT NULL AUTO_INCREMENT, AUTO_INCREMENT=51;
--
-- AUTO_INCREMENT de la tabla `tipopuntos`
--
ALTER TABLE `tipopuntos`
  MODIFY `id` int(11) NOT NULL AUTO_INCREMENT, AUTO_INCREMENT=5;
--
-- AUTO_INCREMENT de la tabla `unidades`
--
ALTER TABLE `unidades`
  MODIFY `id` int(11) NOT NULL AUTO_INCREMENT, AUTO_INCREMENT=13;
--
-- AUTO_INCREMENT de la tabla `usuarios`
--
ALTER TABLE `usuarios`
  MODIFY `id` int(11) NOT NULL AUTO_INCREMENT, AUTO_INCREMENT=61;
/*!40101 SET CHARACTER_SET_CLIENT=@OLD_CHARACTER_SET_CLIENT */;
/*!40101 SET CHARACTER_SET_RESULTS=@OLD_CHARACTER_SET_RESULTS */;
/*!40101 SET COLLATION_CONNECTION=@OLD_COLLATION_CONNECTION */;
